"","habitatbenthopelagic","habitatdemersal","habitatpelagic","SpecCode","waterbrack","watersaltwater","Species","Genus","Subfamily","Family","Order","Class","SuperClass","c_m","tm","Lm","tmax","K","Woo","M","TLDiet","Loo","fecundity","Min_caudalpeduncle_depth","Lower_jaw_length","Max_body_depth","Max_body_width","Temperature"
"Anguilla bicolor",0,1,0,1274,1,1,"Anguilla bicolor","Anguilla",NA,"Anguillidae","Anguilliformes","Teleostei","Osteichthyes",21.5390976662833,NA,NA,NA,NA,NA,NA,3.55,NA,NA,NA,NA,NA,NA,28.3
"Anguilla celebesensis",0,1,0,11521,1,1,"Anguilla celebesensis","Anguilla",NA,"Anguillidae","Anguilliformes","Teleostei","Osteichthyes",21.5390976662833,NA,NA,NA,NA,NA,NA,3.74000000953674,NA,NA,-2.45089568038353,-1.00642735105687,-0.958082671695422,-1.04668403447184,28.8
"Anguilla dieffenbachii",0,1,0,11878,1,1,"Anguilla dieffenbachii","Anguilla",NA,"Anguillidae","Anguilliformes","Teleostei","Osteichthyes",21.5390976662833,3.14168618617707,NA,NA,NA,NA,NA,4.47,NA,NA,-2.43120155120043,-1.20669263198309,-0.774375168090581,-0.975997753960799,15.1
"Anguilla interioris",0,1,0,17282,1,1,"Anguilla interioris","Anguilla",NA,"Anguillidae","Anguilliformes","Teleostei","Osteichthyes",21.5390976662833,NA,NA,NA,NA,NA,NA,3.63000011444092,NA,NA,-3.36785643900465,-0.609574112416103,-0.990838751227832,-1.04725284050792,NA
"Anguilla japonica",0,1,0,295,1,1,"Anguilla japonica","Anguilla",NA,"Anguillidae","Anguilliformes","Teleostei","Osteichthyes",21.5390976662833,NA,NA,NA,0.07,7.4500795698075,NA,3.55,4.58700621536042,NA,-2.77854791834219,-1.0873764465168,-0.894794388772484,-1.0343810616584,17
"Anguilla labiata",0,1,0,1273,1,1,"Anguilla labiata","Anguilla",NA,"Anguillidae","Anguilliformes","Teleostei","Osteichthyes",21.5390976662833,NA,NA,NA,NA,NA,NA,3.76999998092651,NA,NA,NA,NA,NA,NA,27.1
"Anguilla luzonensis",0,1,0,65262,1,1,"Anguilla luzonensis","Anguilla",NA,"Anguillidae","Anguilliformes","Teleostei","Osteichthyes",21.5390976662833,NA,NA,NA,NA,NA,NA,3.67000007629395,NA,NA,NA,NA,NA,NA,NA
"Anguilla malgumora",0,1,0,5426,1,1,"Anguilla malgumora","Anguilla",NA,"Anguillidae","Anguilliformes","Teleostei","Osteichthyes",21.5390976662833,NA,NA,NA,NA,NA,NA,3.63000011444092,NA,NA,NA,NA,NA,NA,NA
"Anguilla marmorata",0,1,0,1275,1,1,"Anguilla marmorata","Anguilla",NA,"Anguillidae","Anguilliformes","Teleostei","Osteichthyes",21.5390976662833,NA,NA,NA,0.51,9.08389918660712,0.66,3.79,5.22499370212919,NA,-2.43425301029621,-0.956136336332734,-0.903945435550504,-0.980510469311915,24.5
"Anguilla megastoma",0,1,0,12408,1,1,"Anguilla megastoma","Anguilla",NA,"Anguillidae","Anguilliformes","Teleostei","Osteichthyes",21.5390976662833,NA,NA,NA,NA,NA,NA,3.78999996185303,NA,NA,-2.48042042518543,-0.968527339674185,-0.989898695333833,-0.974968033636776,4.9
"Anguilla mossambica",0,1,0,1276,1,1,"Anguilla mossambica","Anguilla",NA,"Anguillidae","Anguilliformes","Teleostei","Osteichthyes",21.5390976662833,NA,NA,NA,0.041,9.03812754933052,NA,3.3,4.93447393313069,NA,NA,NA,NA,NA,26.4
"Anguilla nebulosa",0,1,0,11700,1,1,"Anguilla nebulosa","Anguilla",NA,"Anguillidae","Anguilliformes","Teleostei","Osteichthyes",21.5390976662833,NA,NA,NA,NA,NA,NA,3.75,NA,NA,NA,NA,NA,NA,28.6
"Anguilla obscura",0,1,0,7511,1,1,"Anguilla obscura","Anguilla",NA,"Anguillidae","Anguilliformes","Teleostei","Osteichthyes",21.5390976662833,NA,NA,NA,NA,NA,NA,4.5,NA,NA,-2.73109835799688,-0.980429405735425,-0.850704076191717,-1.01523415242692,4.8
"Anguilla reinhardtii",0,1,0,7512,1,1,"Anguilla reinhardtii","Anguilla",NA,"Anguillidae","Anguilliformes","Teleostei","Osteichthyes",21.5390976662833,2.70805020110221,NA,NA,NA,NA,NA,3.55,NA,15.8304135785065,-3.03163550463148,-0.818565390213996,-0.88686039350936,-0.952210866159291,5.5
"Anguilla rostrata",0,1,0,296,1,1,"Anguilla rostrata","Anguilla",NA,"Anguillidae","Anguilliformes","Teleostei","Osteichthyes",21.5390976662833,2.29253475714054,NA,3.76120011569356,0.0762233333333333,6.97070824222437,0.09767,3.83,4.57182020630654,16.2733885353644,-3.20625559761613,-1.12277077825025,-0.779041469961067,-1.02707480569646,6.3
"Aphaniops dispar",1,0,0,4813,1,1,"Aphaniops dispar","Aphaniops",NA,"Aphaniidae","Cyprinodontiformes","Teleostei","Osteichthyes",28.5066229030048,NA,NA,NA,NA,NA,NA,2.92000007629395,NA,NA,NA,NA,NA,NA,27.4
"Aphaniops stoliczkanus",1,0,0,69739,1,1,"Aphaniops stoliczkanus","Aphaniops",NA,"Aphaniidae","Cyprinodontiformes","Teleostei","Osteichthyes",28.5066229030048,NA,NA,NA,NA,NA,NA,2.78,NA,NA,NA,NA,NA,NA,NA
"Arnoglossus andrewsi",0,1,0,59540,0,1,"Arnoglossus andrewsi","Arnoglossus",NA,"Bothidae","Pleuronectiformes","Teleostei","Osteichthyes",27.3280296142102,NA,NA,NA,NA,NA,NA,3.66000008583069,NA,NA,NA,NA,NA,NA,15.6
"Arnoglossus arabicus",0,1,0,24420,0,1,"Arnoglossus arabicus","Arnoglossus",NA,"Bothidae","Pleuronectiformes","Teleostei","Osteichthyes",27.3280296142102,NA,NA,NA,NA,NA,NA,3.42000007629395,NA,NA,NA,NA,NA,NA,20.1
"Arnoglossus armstrongi",0,1,0,59541,0,1,"Arnoglossus armstrongi","Arnoglossus",NA,"Bothidae","Pleuronectiformes","Teleostei","Osteichthyes",27.3280296142102,NA,NA,NA,NA,NA,NA,3.57999992370605,NA,NA,NA,NA,NA,NA,NA
"Arnoglossus aspilos",0,1,0,13842,0,1,"Arnoglossus aspilos","Arnoglossus",NA,"Bothidae","Pleuronectiformes","Teleostei","Osteichthyes",27.3280296142102,NA,NA,NA,NA,NA,NA,3.5,NA,NA,NA,NA,NA,NA,27.9
"Arnoglossus bassensis",0,1,0,52437,1,1,"Arnoglossus bassensis","Arnoglossus",NA,"Bothidae","Pleuronectiformes","Teleostei","Osteichthyes",27.3280296142102,NA,NA,NA,NA,NA,NA,3.63000011444092,NA,NA,NA,NA,NA,NA,17.4
"Arnoglossus boops",0,1,0,59558,0,1,"Arnoglossus boops","Arnoglossus",NA,"Bothidae","Pleuronectiformes","Teleostei","Osteichthyes",27.3280296142102,NA,NA,NA,NA,NA,NA,3.55999994277954,NA,NA,NA,NA,NA,NA,NA
"Arnoglossus brunneus",0,1,0,15535,0,1,"Arnoglossus brunneus","Arnoglossus",NA,"Bothidae","Pleuronectiformes","Teleostei","Osteichthyes",27.3280296142102,NA,NA,NA,NA,NA,NA,3.5,NA,NA,NA,NA,NA,NA,12.5
"Arnoglossus capensis",0,1,0,8829,0,1,"Arnoglossus capensis","Arnoglossus",NA,"Bothidae","Pleuronectiformes","Teleostei","Osteichthyes",27.3280296142102,NA,NA,NA,NA,NA,NA,3.57999992370605,NA,NA,NA,NA,NA,NA,23.4
"Arnoglossus coeruleosticta",0,1,0,55116,0,1,"Arnoglossus coeruleosticta","Arnoglossus",NA,"Bothidae","Pleuronectiformes","Teleostei","Osteichthyes",27.3280296142102,NA,NA,NA,NA,NA,NA,3.55999994277954,NA,NA,NA,NA,NA,NA,NA
"Arnoglossus dalgleishi",0,1,0,7637,0,1,"Arnoglossus dalgleishi","Arnoglossus",NA,"Bothidae","Pleuronectiformes","Teleostei","Osteichthyes",27.3280296142102,NA,NA,NA,NA,NA,NA,3.5,NA,NA,NA,NA,NA,NA,24.7
"Arnoglossus debilis",0,1,0,10585,0,1,"Arnoglossus debilis","Arnoglossus",NA,"Bothidae","Pleuronectiformes","Teleostei","Osteichthyes",27.3280296142102,NA,NA,NA,NA,NA,NA,3.5,NA,NA,NA,NA,NA,NA,14.4
"Arnoglossus elongatus",0,1,0,12561,0,1,"Arnoglossus elongatus","Arnoglossus",NA,"Bothidae","Pleuronectiformes","Teleostei","Osteichthyes",27.3280296142102,NA,NA,NA,NA,NA,NA,3.5,NA,NA,NA,NA,NA,NA,26.4
"Arnoglossus fisoni",0,1,0,15541,0,1,"Arnoglossus fisoni","Arnoglossus",NA,"Bothidae","Pleuronectiformes","Teleostei","Osteichthyes",27.3280296142102,NA,NA,NA,NA,NA,NA,3.5,NA,NA,NA,NA,NA,NA,24.6
"Arnoglossus grohmanni",0,1,0,63361,0,1,"Arnoglossus grohmanni","Arnoglossus",NA,"Bothidae","Pleuronectiformes","Teleostei","Osteichthyes",27.3280296142102,NA,NA,NA,NA,NA,NA,3.55999994277954,NA,NA,NA,NA,NA,NA,NA
"Arnoglossus imperialis",0,1,0,42,0,1,"Arnoglossus imperialis","Arnoglossus",NA,"Bothidae","Pleuronectiformes","Teleostei","Osteichthyes",27.3280296142102,NA,NA,NA,NA,NA,NA,3.84,NA,NA,-1.22606843569389,-0.901355868023235,0.26918631610735,-1.41170819013345,11.7
"Arnoglossus japonicus",0,1,0,12562,0,1,"Arnoglossus japonicus","Arnoglossus",NA,"Bothidae","Pleuronectiformes","Teleostei","Osteichthyes",27.3280296142102,NA,NA,NA,NA,NA,NA,3.5,NA,NA,NA,NA,NA,NA,21.2
"Arnoglossus kessleri",0,1,0,1809,0,1,"Arnoglossus kessleri","Arnoglossus",NA,"Bothidae","Pleuronectiformes","Teleostei","Osteichthyes",27.3280296142102,NA,NA,NA,NA,NA,NA,4.05,NA,NA,NA,NA,NA,NA,15.2
"Arnoglossus kotthausi",0,1,0,69669,0,1,"Arnoglossus kotthausi","Arnoglossus",NA,"Bothidae","Pleuronectiformes","Teleostei","Osteichthyes",27.3280296142102,NA,NA,NA,NA,NA,NA,3.55999994277954,NA,NA,NA,NA,NA,NA,NA
"Arnoglossus laterna",0,1,0,41,0,1,"Arnoglossus laterna","Arnoglossus",NA,"Bothidae","Pleuronectiformes","Teleostei","Osteichthyes",27.3280296142102,0.693147180559945,NA,1.91692261218206,0.430052222222222,3.52701722070878,0.536666666666667,3.59,2.81321069675737,9.38697914563464,-1.08447636553765,-0.891217601495504,0.0792185920775709,-1.10877193306173,10.8
"Arnoglossus macrolophus",0,1,0,13064,0,1,"Arnoglossus macrolophus","Arnoglossus",NA,"Bothidae","Pleuronectiformes","Teleostei","Osteichthyes",27.3280296142102,NA,NA,NA,NA,NA,NA,3.5,NA,NA,NA,NA,NA,NA,27.1
"Arnoglossus marisrubri",0,1,0,60532,0,1,"Arnoglossus marisrubri","Arnoglossus",NA,"Bothidae","Pleuronectiformes","Teleostei","Osteichthyes",27.3280296142102,NA,NA,NA,NA,NA,NA,3.55999994277954,NA,NA,NA,NA,NA,NA,NA
"Arnoglossus micrommatus",0,1,0,28140,0,1,"Arnoglossus micrommatus","Arnoglossus",NA,"Bothidae","Pleuronectiformes","Teleostei","Osteichthyes",27.3280296142102,NA,NA,NA,NA,NA,NA,3.51999998092651,NA,NA,NA,NA,NA,NA,17.4
"Arnoglossus muelleri",0,1,0,14520,0,1,"Arnoglossus muelleri","Arnoglossus",NA,"Bothidae","Pleuronectiformes","Teleostei","Osteichthyes",27.3280296142102,NA,NA,NA,NA,NA,NA,3.58999991416931,NA,NA,NA,NA,NA,NA,16.3
"Arnoglossus multirastris",0,1,0,59546,0,1,"Arnoglossus multirastris","Arnoglossus",NA,"Bothidae","Pleuronectiformes","Teleostei","Osteichthyes",27.3280296142102,NA,NA,NA,NA,NA,NA,3.55999994277954,NA,NA,NA,NA,NA,NA,NA
"Arnoglossus nigrifrons",0,1,0,58969,0,1,"Arnoglossus nigrifrons","Arnoglossus",NA,"Bothidae","Pleuronectiformes","Teleostei","Osteichthyes",27.3280296142102,NA,NA,NA,NA,NA,NA,3.55999994277954,NA,NA,NA,NA,NA,NA,9.6
"Arnoglossus oxyrhynchus",0,1,0,15548,0,1,"Arnoglossus oxyrhynchus","Arnoglossus",NA,"Bothidae","Pleuronectiformes","Teleostei","Osteichthyes",27.3280296142102,NA,NA,NA,NA,NA,NA,3.59999990463257,NA,NA,NA,NA,NA,NA,NA
"Arnoglossus polyspilus",0,1,0,12566,0,1,"Arnoglossus polyspilus","Arnoglossus",NA,"Bothidae","Pleuronectiformes","Teleostei","Osteichthyes",27.3280296142102,NA,NA,NA,NA,NA,NA,3.5,NA,NA,NA,NA,NA,NA,23.6
"Arnoglossus rueppelii",0,1,0,1695,0,1,"Arnoglossus rueppelii","Arnoglossus",NA,"Bothidae","Pleuronectiformes","Teleostei","Osteichthyes",27.3280296142102,NA,NA,NA,NA,NA,NA,4.03,NA,NA,NA,NA,NA,NA,14.2
"Arnoglossus sayaensis",0,1,0,24586,0,1,"Arnoglossus sayaensis","Arnoglossus",NA,"Bothidae","Pleuronectiformes","Teleostei","Osteichthyes",27.3280296142102,NA,NA,NA,NA,NA,NA,3.54999995231628,NA,NA,NA,NA,NA,NA,16.4
"Arnoglossus scapha",0,1,0,47433,0,1,"Arnoglossus scapha","Arnoglossus",NA,"Bothidae","Pleuronectiformes","Teleostei","Osteichthyes",27.3280296142102,NA,NA,NA,NA,NA,NA,3.75,NA,NA,NA,NA,NA,NA,13.3
"Arnoglossus septemventralis",0,1,0,58970,0,1,"Arnoglossus septemventralis","Arnoglossus",NA,"Bothidae","Pleuronectiformes","Teleostei","Osteichthyes",27.3280296142102,NA,NA,NA,NA,NA,NA,3.55999994277954,NA,NA,NA,NA,NA,NA,NA
"Arnoglossus tapeinosoma",0,1,0,56731,0,1,"Arnoglossus tapeinosoma","Arnoglossus",NA,"Bothidae","Pleuronectiformes","Teleostei","Osteichthyes",27.3280296142102,NA,NA,NA,NA,NA,NA,3.46000003814697,NA,NA,NA,NA,NA,NA,24.6
"Arnoglossus tenuis",0,1,0,15549,0,1,"Arnoglossus tenuis","Arnoglossus",NA,"Bothidae","Pleuronectiformes","Teleostei","Osteichthyes",27.3280296142102,NA,NA,NA,NA,NA,NA,3.5,NA,NA,NA,NA,NA,NA,23.3
"Arnoglossus thori",0,1,0,43,0,1,"Arnoglossus thori","Arnoglossus",NA,"Bothidae","Pleuronectiformes","Teleostei","Osteichthyes",27.3280296142102,0.693147180559945,NA,2.30258509299405,0.464866666666667,3.84852554220169,0.42,3.28,2.9325261976502,12.6491546172096,-1.02867628219712,-0.848594984337053,0.303052079980681,-1.45549460105859,15.4
"Arnoglossus waitei",0,1,0,11675,0,1,"Arnoglossus waitei","Arnoglossus",NA,"Bothidae","Pleuronectiformes","Teleostei","Osteichthyes",27.3280296142102,NA,NA,NA,NA,NA,NA,3.5,NA,NA,NA,NA,NA,NA,27.2
"Arnoglossus yamanakai",0,1,0,58974,0,1,"Arnoglossus yamanakai","Arnoglossus",NA,"Bothidae","Pleuronectiformes","Teleostei","Osteichthyes",27.3280296142102,NA,NA,NA,NA,NA,NA,3.55999994277954,NA,NA,NA,NA,NA,NA,27.2
"Brevoortia aurea",0,0,1,1587,0,1,"Brevoortia aurea","Brevoortia",NA,"Alosidae","Clupeiformes","Teleostei","Osteichthyes",22.6287739821445,NA,NA,NA,NA,NA,NA,2.75,NA,NA,-1.15804784913851,-0.788047006724863,0.0892515155419977,-1.12956686139971,16.8
"Brevoortia gunteri",0,0,1,1588,1,1,"Brevoortia gunteri","Brevoortia",NA,"Alosidae","Clupeiformes","Teleostei","Osteichthyes",22.6287739821445,NA,NA,NA,NA,NA,NA,2.43,NA,NA,NA,NA,NA,NA,24.4
"Brevoortia patronus",0,0,1,1589,0,1,"Brevoortia patronus","Brevoortia",NA,"Alosidae","Clupeiformes","Teleostei","Osteichthyes",22.6287739821445,0,NA,NA,0.403486486486486,5.63121178182137,1.1,2.19,NA,10.9281841582541,-1.38078080814393,-0.720196852305296,0.0364585976272841,-1.03748477000183,24.3
"Brevoortia pectinata",0,0,1,1590,1,1,"Brevoortia pectinata","Brevoortia",NA,"Alosidae","Clupeiformes","Teleostei","Osteichthyes",22.6287739821445,NA,NA,NA,NA,NA,NA,3.4,NA,NA,NA,NA,NA,NA,16.4
"Brevoortia smithi",0,0,1,1591,1,1,"Brevoortia smithi","Brevoortia",NA,"Alosidae","Clupeiformes","Teleostei","Osteichthyes",22.6287739821445,NA,NA,NA,NA,NA,NA,2.32,NA,NA,-1.30992537548182,-0.835309451535914,-0.0188226528843665,-0.936001484003824,24.4
"Brevoortia tyrannus",0,0,1,1592,1,1,"Brevoortia tyrannus","Brevoortia",NA,"Alosidae","Clupeiformes","Teleostei","Osteichthyes",22.6287739821445,0.693147180559945,NA,NA,0.424790697674419,7.42354789590505,0.623333333333333,3.23,3.57162680103566,12.7203921585504,-1.3550448202971,-0.704631617855257,-0.0961931373749171,-0.928306130689101,13.2
"Buglossidium luteum",0,1,0,53,0,1,"Buglossidium luteum","Buglossidium",NA,"Soleidae","Pleuronectiformes","Teleostei","Osteichthyes",33.104854862299,0.847297860387204,2.07944154167984,2.30258509299405,0.523492,2.93779100924892,0.32308,3.31,2.54451114360762,NA,-1.30137221027539,-1.36925423560703,0.240637611150756,-1.32296607669803,10.6
"Chaenocephalus aceratus",0,1,0,473,0,1,"Chaenocephalus aceratus","Chaenocephalus",NA,"Channichthyidae","Perciformes","Teleostei","Osteichthyes",20.5896514239834,2.2512917986065,NA,2.74727091425549,0.164034285714286,7.90149017539297,0.24706,3.4,4.23234511990108,9.35594607583348,-2.00670591602735,-0.0316480706016702,-0.521448318900276,-0.76502285483676,0.1
"Chanos chanos",1,0,0,80,1,1,"Chanos chanos","Chanos",NA,"Chanidae","Gonorynchiformes","Teleostei","Osteichthyes",29.5423481841997,1.74523945359316,NA,NA,1.0325,6.79309286225066,NA,2.40000009536743,3.76892216178747,13.9270519326972,-1.28979835212177,-1.54746665018846,-0.212939078863219,-0.867134505283716,28.2
"Chelon bandialensis",0,1,0,66211,1,1,"Chelon bandialensis","Chelon",NA,"Mugilidae","Mugiliformes","Teleostei","Osteichthyes",17.156231608136,NA,NA,NA,NA,NA,NA,2.60999989509583,NA,NA,NA,NA,NA,NA,NA
"Chelon bispinosus",0,1,0,22487,0,1,"Chelon bispinosus","Chelon",NA,"Mugilidae","Mugiliformes","Teleostei","Osteichthyes",17.156231608136,NA,NA,NA,NA,NA,NA,2.75,NA,NA,NA,NA,NA,NA,NA
"Chelon caeruleus",0,1,0,69222,0,1,"Chelon caeruleus","Chelon",NA,"Mugilidae","Mugiliformes","Teleostei","Osteichthyes",17.156231608136,NA,NA,NA,NA,NA,NA,2.58999991416931,NA,NA,NA,NA,NA,NA,NA
"Chelon dumerili",0,1,0,5115,1,1,"Chelon dumerili","Chelon",NA,"Mugilidae","Mugiliformes","Teleostei","Osteichthyes",17.156231608136,NA,NA,NA,0.485,NA,NA,2.68,NA,NA,NA,NA,NA,NA,26.1
"Chelon labrosus",0,1,0,2499,1,1,"Chelon labrosus","Chelon",NA,"Mugilidae","Mugiliformes","Teleostei","Osteichthyes",17.156231608136,1.09861228866811,3.38439026334577,2.90872089656436,0.2295,7.54284232927805,0.29,2.59,3.90264584361555,NA,NA,NA,NA,NA,11
"Chelon richardsonii",0,1,0,5146,1,1,"Chelon richardsonii","Chelon",NA,"Mugilidae","Mugiliformes","Teleostei","Osteichthyes",17.156231608136,NA,NA,NA,NA,NA,NA,2.38,NA,NA,NA,NA,NA,NA,24.8
"Coregonus artedi",0,0,1,235,1,1,"Coregonus artedi","Coregonus","Coregoninae","Salmonidae","Salmoniformes","Teleostei","Osteichthyes",16.1034015048359,1.79175946922805,NA,1.99243016469021,0.29315,6.22535105318483,0.9125,3.35,3.70315211340065,9.92266498443839,NA,NA,NA,NA,NA
"Coregonus autumnalis",0,0,1,2669,1,1,"Coregonus autumnalis","Coregonus","Coregoninae","Salmonidae","Salmoniformes","Teleostei","Osteichthyes",16.1034015048359,1.87180217690159,NA,2.87638551592142,0.187696666666667,7.08817153851614,0.240485,3.67,NA,10.5865843972426,-1.39141978247724,-1.3952244873691,-0.246299982597316,-0.986332411249378,-0.4
"Coregonus huntsmani",0,0,1,6207,1,1,"Coregonus huntsmani","Coregonus","Coregoninae","Salmonidae","Salmoniformes","Teleostei","Osteichthyes",16.1034015048359,NA,NA,NA,NA,NA,NA,3.45,NA,NA,NA,NA,NA,NA,NA
"Coregonus laurettae",0,0,1,46941,1,1,"Coregonus laurettae","Coregonus","Coregoninae","Salmonidae","Salmoniformes","Teleostei","Osteichthyes",16.1034015048359,NA,NA,NA,NA,NA,NA,3.79,NA,NA,-1.36198075743571,-1.30139558928245,-0.205789919809275,-0.914281121725001,NA
"Coregonus sardinella",0,0,1,2678,1,1,"Coregonus sardinella","Coregonus","Coregoninae","Salmonidae","Salmoniformes","Teleostei","Osteichthyes",16.1034015048359,1.56861591791385,NA,2.80336038090653,0.246545,6.15010117145219,0.395455,3.21,3.63758615972639,10.384369299929,NA,NA,NA,NA,-0.8
"Cyclothone acclinidens",0,0,1,5116,0,1,"Cyclothone acclinidens","Cyclothone",NA,"Gonostomatidae","Stomiiformes","Teleostei","Osteichthyes",34.9297454000134,NA,NA,NA,0.85,0.479632126137692,1.4,3.55,2.07944154167984,NA,-1.11652724904525,-0.0338870857069155,-0.332950178376578,-1.19810448913585,5.5
"Cyclothone alba",0,0,1,9968,0,1,"Cyclothone alba","Cyclothone",NA,"Gonostomatidae","Stomiiformes","Teleostei","Osteichthyes",34.9297454000134,NA,NA,NA,NA,NA,NA,3.07999992370605,NA,NA,-1.26358009207266,0.0140476190978932,-0.41429518770803,-1.18061457470594,8.9
"Cyclothone atraria",0,0,1,7384,0,1,"Cyclothone atraria","Cyclothone",NA,"Gonostomatidae","Stomiiformes","Teleostei","Osteichthyes",34.9297454000134,NA,NA,NA,NA,NA,NA,3.14000010490417,NA,NA,-1.23746809688266,-0.149689909343974,-0.401949990350911,-1.05095524533178,2.4
"Cyclothone braueri",0,0,1,1774,0,1,"Cyclothone braueri","Cyclothone",NA,"Gonostomatidae","Stomiiformes","Teleostei","Osteichthyes",34.9297454000134,0.693147180559945,NA,0.22314355131421,2.3968,NA,3.36,3.08,NA,5.99146454710798,NA,NA,NA,NA,9.3
"Cyclothone livida",0,0,1,9980,0,1,"Cyclothone livida","Cyclothone",NA,"Gonostomatidae","Stomiiformes","Teleostei","Osteichthyes",34.9297454000134,NA,NA,NA,NA,NA,NA,3.10999989509583,NA,NA,NA,NA,NA,NA,4.1
"Cyclothone microdon",0,0,1,1775,0,1,"Cyclothone microdon","Cyclothone",NA,"Gonostomatidae","Stomiiformes","Teleostei","Osteichthyes",34.9297454000134,NA,NA,NA,NA,NA,NA,3.04,NA,8.69951474821019,-1.38445680622339,-0.0287882342743974,-0.51583415503325,-1.05653294462111,3.2
"Cyclothone obscura",0,0,1,9983,0,1,"Cyclothone obscura","Cyclothone",NA,"Gonostomatidae","Stomiiformes","Teleostei","Osteichthyes",34.9297454000134,NA,NA,NA,NA,NA,NA,3.14000010490417,NA,NA,NA,NA,NA,NA,2.3
"Cyclothone pallida",0,0,1,6966,0,1,"Cyclothone pallida","Cyclothone",NA,"Gonostomatidae","Stomiiformes","Teleostei","Osteichthyes",34.9297454000134,1.25276296849537,NA,NA,NA,NA,NA,3.23,NA,NA,-1.35935141378079,0.0846039509133876,-0.336977094388786,-1.24388506136858,4.2
"Cyclothone parapallida",0,0,1,16494,0,1,"Cyclothone parapallida","Cyclothone",NA,"Gonostomatidae","Stomiiformes","Teleostei","Osteichthyes",34.9297454000134,NA,NA,NA,NA,NA,NA,3.14000010490417,NA,NA,NA,NA,NA,NA,4.2
"Cyclothone pseudopallida",0,0,1,6967,0,1,"Cyclothone pseudopallida","Cyclothone",NA,"Gonostomatidae","Stomiiformes","Teleostei","Osteichthyes",34.9297454000134,NA,NA,NA,NA,NA,NA,3.13,NA,NA,-1.35620972882565,0.014825149758018,-0.432761319511702,-1.18321320004749,7.9
"Cyclothone pygmaea",0,0,1,9989,0,1,"Cyclothone pygmaea","Cyclothone",NA,"Gonostomatidae","Stomiiformes","Teleostei","Osteichthyes",34.9297454000134,NA,NA,NA,NA,NA,NA,3.4,NA,5.29831736654804,NA,NA,NA,NA,13.7
"Cyclothone signata",0,0,1,25278,0,1,"Cyclothone signata","Cyclothone",NA,"Gonostomatidae","Stomiiformes","Teleostei","Osteichthyes",34.9297454000134,NA,NA,NA,NA,NA,NA,3,NA,NA,-1.51160352458121,0.0229774612869021,-0.40226091381864,-1.12936145272887,10.8
"Dorosoma cepedianum",0,0,1,1604,1,1,"Dorosoma cepedianum","Dorosoma",NA,"Dorosomatidae","Clupeiformes","Teleostei","Osteichthyes",25.837956224414,0.810930216216329,NA,NA,0.3295,6.7823883972748,NA,2.4,3.77620328228561,12.6879639295373,-1.21673940602596,-1.43979950359648,0.0872145366232736,-1.08731545671834,24
"Dorosoma petenense",0,0,1,1606,1,1,"Dorosoma petenense","Dorosoma",NA,"Dorosomatidae","Clupeiformes","Teleostei","Osteichthyes",25.837956224414,0.693147180559945,NA,NA,NA,NA,NA,2.76,NA,9.56584463093058,-1.15387692546113,-1.04244464086958,-0.0169342756999303,-1.06471654617721,25.5
"Eleginus gracilis",0,1,0,315,1,1,"Eleginus gracilis","Eleginus",NA,"Gadidae","Gadiformes","Teleostei","Osteichthyes",23.8539844732424,0.78845736036427,NA,2.59026716544583,0.227071538461538,6.74866934536102,0.317693333333333,4.1,3.85283258193018,12.0941163513968,-1.86231362768635,-1.07352575865746,-0.442850623638179,-0.71887308601659,0.9
"Eleginus nawaga",0,1,0,314,1,1,"Eleginus nawaga","Eleginus",NA,"Gadidae","Gadiformes","Teleostei","Osteichthyes",23.8539844732424,1.25276296849537,NA,NA,NA,NA,NA,4.24,NA,10.6213273456864,-1.72809639420726,-0.842134061670717,-0.447339388120103,-0.858801552614045,0.1
"Engraulis anchoita",0,0,1,1659,0,1,"Engraulis anchoita","Engraulis","Engraulinae","Engraulidae","Clupeiformes","Teleostei","Osteichthyes",21.6162376995935,NA,NA,NA,0.321857142857143,4.00759289176555,1.27,2.51,3.00850746504271,NA,-1.18971543563203,-0.301187445888025,-0.484325755717198,-0.901419737182113,8.2
"Engraulis australis",0,0,1,1660,1,1,"Engraulis australis","Engraulis","Engraulinae","Engraulidae","Clupeiformes","Teleostei","Osteichthyes",21.6162376995935,0,NA,1.79175946922805,0.444665,NA,0.7,3,2.65973492415599,NA,-1.20563238401445,-0.207889236711448,-0.424916941122659,-1.03640080964804,17.1
"Engraulis capensis",0,0,1,64907,0,1,"Engraulis capensis","Engraulis","Engraulinae","Engraulidae","Clupeiformes","Teleostei","Osteichthyes",21.6162376995935,0,NA,NA,0.88,2.5187233645318,NA,3.03999996185303,2.54160199346455,NA,NA,NA,NA,NA,13.7
"Engraulis eurystole",0,0,1,1662,0,1,"Engraulis eurystole","Engraulis","Engraulinae","Engraulidae","Clupeiformes","Teleostei","Osteichthyes",21.6162376995935,NA,NA,NA,NA,NA,NA,3.03999996185303,NA,NA,-1.2685238723034,-0.222886621657943,-0.471234969581626,-0.945880993286632,6.6
"Engraulis japonicus",0,0,1,1663,0,1,"Engraulis japonicus","Engraulis","Engraulinae","Engraulidae","Clupeiformes","Teleostei","Osteichthyes",21.6162376995935,0.405465108108164,NA,1.05605267424931,1.37339409090909,3.72719873630281,1.115,3.14,2.87273345342936,11.980338240852,-1.2751011956644,-0.275543359089777,-0.450617449700168,-0.966522972956508,18.4
"Engraulis maeoticus",0,0,1,64732,1,1,"Engraulis maeoticus","Engraulis","Engraulinae","Engraulidae","Clupeiformes","Teleostei","Osteichthyes",21.6162376995935,NA,NA,NA,NA,NA,NA,3.02999997138977,NA,NA,NA,NA,NA,NA,NA
"Engraulis mordax",0,0,1,1664,0,1,"Engraulis mordax","Engraulis","Engraulinae","Engraulidae","Clupeiformes","Teleostei","Osteichthyes",21.6162376995935,0.510825623765991,NA,1.94591014905531,0.418777777777778,4.07479403859966,1.07333333333333,3.1,3.01009294938788,11.8263118332103,-1.24353913042577,-0.186577876776606,-0.332159141934592,-1.04951901631295,9
"Engraulis ringens",0,0,1,4,0,1,"Engraulis ringens","Engraulis","Engraulinae","Engraulidae","Clupeiformes","Teleostei","Osteichthyes",21.6162376995935,0,2.484906649788,1.09861228866811,0.979095238095238,3.98371996867243,1.17333333333333,2.85999989509583,2.98932288836881,9.25841599520775,-1.3188132087639,-0.307327482220228,-0.258522832063997,-1.05126019086011,19.7
"Gadus chalcogrammus",1,0,0,318,1,1,"Gadus chalcogrammus","Gadus",NA,"Gadidae","Gadiformes","Teleostei","Osteichthyes",19.0011263050071,1.38629436111989,3.6609942506244,2.9391619220656,0.236810357142857,8.29948046295137,0.34413,3.57,4.49825290364201,14.5366437025622,NA,NA,NA,NA,1.6
"Gadus finnmarchicus",1,0,0,1881,0,1,"Gadus finnmarchicus","Gadus",NA,"Gadidae","Gadiformes","Teleostei","Osteichthyes",19.0011263050071,NA,NA,NA,NA,NA,NA,3.60999989509583,NA,NA,NA,NA,NA,NA,NA
"Gadus macrocephalus",0,1,0,308,1,1,"Gadus macrocephalus","Gadus",NA,"Gadidae","Gadiformes","Teleostei","Osteichthyes",19.0011263050071,1.61342993623664,NA,2.89037175789616,0.257,9.35763970961824,0.905,3.97,4.57612750053536,14.5469615651193,-2.32534696830732,-0.819529083381812,-0.377206394041921,-0.768758656248362,2.9
"Gadus morhua",1,0,0,69,1,1,"Gadus morhua","Gadus",NA,"Gadidae","Gadiformes","Teleostei","Osteichthyes",19.0011263050071,1.66022728537648,3.99415583496667,2.9704144655697,0.184736111111111,9.74311617986618,0.278333333333333,4.09,4.70046050681323,15.2931553098022,-1.70113275483344,-0.84381364069929,-0.399600124149767,-0.704018279562583,6.6
"Glossogobius giuris",1,0,0,4833,1,1,"Glossogobius giuris","Glossogobius","Gobiinae","Gobiidae","Gobiiformes","Teleostei","Osteichthyes",18.9716682858515,NA,NA,NA,0.741666666666667,5.21152901014201,1.4,3.66,3.17708113521115,10.1200494924848,-1.22452819651386,-0.724726172393817,-0.573158865759172,-0.510320344458214,28.5
"Gasterosteus aculeatus",1,0,0,2420,1,1,"Gasterosteus aculeatus","Gasterosteus",NA,"Gasterosteidae","Perciformes","Teleostei","Osteichthyes",31.1885565781583,0.510825623765991,NA,1.38629436111989,1.823,1.50247121867366,0.9,3.31,1.91355560563416,5.98141421125448,-1.97373916356146,-1.42822650798286,-0.19526255634852,-0.884480221401279,8
"Gasterosteus nipponicus",1,0,0,68420,1,1,"Gasterosteus nipponicus","Gasterosteus",NA,"Gasterosteidae","Perciformes","Teleostei","Osteichthyes",31.1885565781583,NA,NA,NA,NA,NA,NA,3.28999996185303,NA,NA,NA,NA,NA,NA,NA
"Gasterosteus wheatlandi",1,0,0,3272,1,1,"Gasterosteus wheatlandi","Gasterosteus",NA,"Gasterosteidae","Perciformes","Teleostei","Osteichthyes",31.1885565781583,NA,NA,NA,NA,NA,NA,3.28,NA,5.605802066296,-1.90765397325001,-1.37844487387553,-0.145448945822642,-1.00388568044139,6.2
"Gilchristella aestuaria",0,0,1,1556,1,1,"Gilchristella aestuaria","Gilchristella",NA,"Ehiravidae","Clupeiformes","Teleostei","Osteichthyes",30.1363058034056,-0.693147180559945,NA,NA,NA,NA,NA,3.09999990463257,NA,7.60090245954208,-1.2052236778536,-0.716748378785925,-0.353338015789864,-1.01299090235855,NA
"Gillichthys mirabilis",0,1,0,3854,1,1,"Gillichthys mirabilis","Gillichthys","Gobionellinae","Gobiidae","Gobiiformes","Teleostei","Osteichthyes",48.0655892380526,NA,NA,NA,NA,NA,NA,3.24,NA,10.2035921449865,-0.960252062032502,-0.601247262889476,-0.530824922320057,-0.508612508391725,22.3
"Gillichthys seta",0,1,0,54508,0,1,"Gillichthys seta","Gillichthys","Gobionellinae","Gobiidae","Gobiiformes","Teleostei","Osteichthyes",48.0655892380526,NA,NA,NA,NA,NA,NA,3.58999991416931,NA,NA,NA,NA,NA,NA,NA
"Glossogobius kokius",1,0,0,9948,1,1,"Glossogobius kokius","Glossogobius","Gobiinae","Gobiidae","Gobiiformes","Teleostei","Osteichthyes",18.9716682858515,NA,NA,NA,NA,NA,NA,3.46000003814697,NA,NA,NA,NA,NA,NA,NA
"Glossogobius minutus",1,0,0,65417,1,1,"Glossogobius minutus","Glossogobius","Gobiinae","Gobiidae","Gobiiformes","Teleostei","Osteichthyes",18.9716682858515,NA,NA,NA,NA,NA,NA,3.59999990463257,NA,NA,NA,NA,NA,NA,NA
"Lampanyctus acanthurus",0,0,1,23002,0,1,"Lampanyctus acanthurus","Lampanyctus","Lampanyctinae","Myctophidae","Myctophiformes","Teleostei","Osteichthyes",38.7702925189079,NA,NA,NA,NA,NA,NA,3.22000002861023,NA,NA,NA,NA,NA,NA,1.6
"Lampanyctus achirus",0,0,1,6998,0,1,"Lampanyctus achirus","Lampanyctus","Lampanyctinae","Myctophidae","Myctophiformes","Teleostei","Osteichthyes",38.7702925189079,NA,NA,NA,NA,NA,NA,3.25,NA,NA,NA,NA,NA,NA,2.4
"Lampanyctus alatus",0,0,1,616,0,1,"Lampanyctus alatus","Lampanyctus","Lampanyctinae","Myctophidae","Myctophiformes","Teleostei","Osteichthyes",38.7702925189079,NA,NA,NA,NA,NA,NA,3.22,NA,6.505036396542,-1.15879239529159,-0.263842420372463,-0.355738726147625,-0.945999614028486,10.6
"Lampanyctus ater",0,0,1,6999,0,1,"Lampanyctus ater","Lampanyctus","Lampanyctinae","Myctophidae","Myctophiformes","Teleostei","Osteichthyes",38.7702925189079,NA,NA,NA,NA,NA,NA,3.25999999046326,NA,NA,NA,NA,NA,NA,11.2
"Lampanyctus australis",0,0,1,7000,0,1,"Lampanyctus australis","Lampanyctus","Lampanyctinae","Myctophidae","Myctophiformes","Teleostei","Osteichthyes",38.7702925189079,NA,NA,NA,NA,NA,NA,3.25,NA,NA,-1.0256105662857,-0.217766469216652,-0.356320001227905,-0.960983730190443,11.4
"Lampanyctus bristori",0,0,1,60924,0,1,"Lampanyctus bristori","Lampanyctus","Lampanyctinae","Myctophidae","Myctophiformes","Teleostei","Osteichthyes",38.7702925189079,NA,NA,NA,NA,NA,NA,3.23000001907349,NA,NA,NA,NA,NA,NA,NA
"Lampanyctus crocodilus",0,0,1,617,0,1,"Lampanyctus crocodilus","Lampanyctus","Lampanyctinae","Myctophidae","Myctophiformes","Teleostei","Osteichthyes",38.7702925189079,NA,NA,NA,NA,NA,NA,3.22,NA,NA,-0.947808131976786,-0.176434896298608,-0.350333022857855,-0.91943453184482,7.9
"Lampanyctus crypticus",0,0,1,60925,0,1,"Lampanyctus crypticus","Lampanyctus","Lampanyctinae","Myctophidae","Myctophiformes","Teleostei","Osteichthyes",38.7702925189079,NA,NA,NA,NA,NA,NA,3.19000005722046,NA,NA,NA,NA,NA,NA,2.5
"Lampanyctus cuprarius",0,0,1,16682,0,1,"Lampanyctus cuprarius","Lampanyctus","Lampanyctinae","Myctophidae","Myctophiformes","Teleostei","Osteichthyes",38.7702925189079,NA,NA,NA,NA,NA,NA,3.25999999046326,NA,NA,NA,NA,NA,NA,15.6
"Lampanyctus fernae",0,0,1,52257,0,1,"Lampanyctus fernae","Lampanyctus","Lampanyctinae","Myctophidae","Myctophiformes","Teleostei","Osteichthyes",38.7702925189079,NA,NA,NA,NA,NA,NA,3.1800000667572,NA,NA,NA,NA,NA,NA,NA
"Lampanyctus festivus",0,0,1,16684,0,1,"Lampanyctus festivus","Lampanyctus","Lampanyctinae","Myctophidae","Myctophiformes","Teleostei","Osteichthyes",38.7702925189079,NA,NA,NA,NA,NA,NA,3.23000001907349,NA,NA,NA,NA,NA,NA,11.9
"Lampanyctus gibbsi",0,0,1,60926,0,1,"Lampanyctus gibbsi","Lampanyctus","Lampanyctinae","Myctophidae","Myctophiformes","Teleostei","Osteichthyes",38.7702925189079,NA,NA,NA,NA,NA,NA,3.22000002861023,NA,NA,NA,NA,NA,NA,2
"Lampanyctus hawaiiensis",0,0,1,60927,0,1,"Lampanyctus hawaiiensis","Lampanyctus","Lampanyctinae","Myctophidae","Myctophiformes","Teleostei","Osteichthyes",38.7702925189079,NA,NA,NA,NA,NA,NA,3.17000007629395,NA,NA,NA,NA,NA,NA,1.7
"Lampanyctus hubbsi",0,0,1,59145,0,1,"Lampanyctus hubbsi","Lampanyctus","Lampanyctinae","Myctophidae","Myctophiformes","Teleostei","Osteichthyes",38.7702925189079,NA,NA,NA,NA,NA,NA,3.05999994277954,NA,NA,NA,NA,NA,NA,6.4
"Lampanyctus idostigma",0,0,1,54415,0,1,"Lampanyctus idostigma","Lampanyctus","Lampanyctinae","Myctophidae","Myctophiformes","Teleostei","Osteichthyes",38.7702925189079,NA,NA,NA,NA,NA,NA,3.19000005722046,NA,NA,NA,NA,NA,NA,12.7
"Lampanyctus indicus",0,0,1,60928,0,1,"Lampanyctus indicus","Lampanyctus","Lampanyctinae","Myctophidae","Myctophiformes","Teleostei","Osteichthyes",38.7702925189079,NA,NA,NA,NA,NA,NA,3.17000007629395,NA,NA,NA,NA,NA,NA,2.8
"Lampanyctus intricarius",0,0,1,7001,0,1,"Lampanyctus intricarius","Lampanyctus","Lampanyctinae","Myctophidae","Myctophiformes","Teleostei","Osteichthyes",38.7702925189079,NA,NA,NA,NA,NA,NA,3.4,NA,NA,-1.09404600721539,-0.116794575551546,-0.400898826655444,-1.02505313572844,10.3
"Lampanyctus isaacsi",0,0,1,16689,0,1,"Lampanyctus isaacsi","Lampanyctus","Lampanyctinae","Myctophidae","Myctophiformes","Teleostei","Osteichthyes",38.7702925189079,NA,NA,NA,NA,NA,NA,3.14000010490417,NA,NA,NA,NA,NA,NA,14.1
"Lampanyctus iselinoides",0,0,1,55103,0,1,"Lampanyctus iselinoides","Lampanyctus","Lampanyctinae","Myctophidae","Myctophiformes","Teleostei","Osteichthyes",38.7702925189079,NA,NA,NA,NA,NA,NA,3.21000003814697,NA,NA,NA,NA,NA,NA,8
"Lampanyctus jordani",0,0,1,23003,0,1,"Lampanyctus jordani","Lampanyctus","Lampanyctinae","Myctophidae","Myctophiformes","Teleostei","Osteichthyes",38.7702925189079,NA,NA,NA,NA,NA,NA,3.23000001907349,NA,NA,NA,NA,NA,NA,2.5
"Lampanyctus lepidolychnus",0,0,1,16761,0,1,"Lampanyctus lepidolychnus","Lampanyctus","Lampanyctinae","Myctophidae","Myctophiformes","Teleostei","Osteichthyes",38.7702925189079,NA,NA,NA,NA,NA,NA,3.21000003814697,NA,NA,NA,NA,NA,NA,11.5
"Lampanyctus lineatus",0,0,1,10269,0,1,"Lampanyctus lineatus","Lampanyctus","Lampanyctinae","Myctophidae","Myctophiformes","Teleostei","Osteichthyes",38.7702925189079,NA,NA,NA,NA,NA,NA,3,NA,NA,NA,NA,NA,NA,11.9
"Lampanyctus macdonaldi",0,0,1,7002,0,1,"Lampanyctus macdonaldi","Lampanyctus","Lampanyctinae","Myctophidae","Myctophiformes","Teleostei","Osteichthyes",38.7702925189079,NA,NA,1.79175946922805,0.49933,NA,0.7,3.1,NA,NA,-0.947603509719782,-0.213832537160599,-0.369844716675242,-1.01785964048119,5.2
"Lampanyctus macropterus",0,0,1,47147,0,1,"Lampanyctus macropterus","Lampanyctus","Lampanyctinae","Myctophidae","Myctophiformes","Teleostei","Osteichthyes",38.7702925189079,NA,NA,NA,NA,NA,NA,3.2,NA,NA,NA,NA,NA,NA,9.6
"Lampanyctus niger",0,0,1,7441,0,1,"Lampanyctus niger","Lampanyctus","Lampanyctinae","Myctophidae","Myctophiformes","Teleostei","Osteichthyes",38.7702925189079,NA,NA,NA,NA,NA,NA,3.06,NA,NA,NA,NA,NA,NA,11.1
"Lampanyctus nobilis",0,0,1,7413,0,1,"Lampanyctus nobilis","Lampanyctus","Lampanyctinae","Myctophidae","Myctophiformes","Teleostei","Osteichthyes",38.7702925189079,NA,NA,NA,NA,NA,NA,3.12,NA,NA,-1.0936735604628,-0.156048555534382,-0.449919144772332,-0.89134480715223,11.9
"Lampanyctus omostigma",0,0,1,54416,0,1,"Lampanyctus omostigma","Lampanyctus","Lampanyctinae","Myctophidae","Myctophiformes","Teleostei","Osteichthyes",38.7702925189079,NA,NA,NA,NA,NA,NA,3.04999995231628,NA,NA,NA,NA,NA,NA,2.8
"Lampanyctus parvicauda",0,0,1,54417,0,1,"Lampanyctus parvicauda","Lampanyctus","Lampanyctinae","Myctophidae","Myctophiformes","Teleostei","Osteichthyes",38.7702925189079,NA,NA,NA,NA,NA,NA,3.21000003814697,NA,NA,NA,NA,NA,NA,13.4
"Lampanyctus photonotus",0,0,1,15820,0,1,"Lampanyctus photonotus","Lampanyctus","Lampanyctinae","Myctophidae","Myctophiformes","Teleostei","Osteichthyes",38.7702925189079,NA,NA,NA,NA,NA,NA,3.1800000667572,NA,NA,-1.11902554959439,-0.169025515794464,-0.435791289614857,-0.906216916979145,12
"Lampanyctus phyllisae",0,0,1,60929,0,1,"Lampanyctus phyllisae","Lampanyctus","Lampanyctinae","Myctophidae","Myctophiformes","Teleostei","Osteichthyes",38.7702925189079,NA,NA,NA,NA,NA,NA,3.24000000953674,NA,NA,NA,NA,NA,NA,2.3
"Lampanyctus pusillus",0,0,1,623,0,1,"Lampanyctus pusillus","Lampanyctus","Lampanyctinae","Myctophidae","Myctophiformes","Teleostei","Osteichthyes",38.7702925189079,NA,NA,NA,NA,NA,NA,3.4,NA,NA,-1.12982589166074,-0.174489153220782,-0.337710215251244,-0.948444848862213,12.3
"Lampanyctus regalis",0,0,1,2734,0,1,"Lampanyctus regalis","Lampanyctus","Lampanyctinae","Myctophidae","Myctophiformes","Teleostei","Osteichthyes",38.7702925189079,NA,NA,NA,0.201,NA,NA,3.2,NA,NA,NA,NA,NA,NA,2.4
"Lampanyctus ritteri",0,0,1,5371,0,1,"Lampanyctus ritteri","Lampanyctus","Lampanyctinae","Myctophidae","Myctophiformes","Teleostei","Osteichthyes",38.7702925189079,NA,NA,1.70474809223843,0.452365,NA,0.76364,3.37,NA,NA,NA,NA,NA,NA,7.1
"Lampanyctus simulator",0,0,1,23004,0,1,"Lampanyctus simulator","Lampanyctus","Lampanyctinae","Myctophidae","Myctophiformes","Teleostei","Osteichthyes",38.7702925189079,NA,NA,NA,NA,NA,NA,3.19000005722046,NA,NA,NA,NA,NA,NA,10.9
"Lampanyctus steinbecki",0,0,1,7414,0,1,"Lampanyctus steinbecki","Lampanyctus","Lampanyctinae","Myctophidae","Myctophiformes","Teleostei","Osteichthyes",38.7702925189079,NA,NA,NA,NA,NA,NA,3.08,NA,NA,NA,NA,NA,NA,23.3
"Lampanyctus tenuiformis",0,0,1,7415,0,1,"Lampanyctus tenuiformis","Lampanyctus","Lampanyctinae","Myctophidae","Myctophiformes","Teleostei","Osteichthyes",38.7702925189079,NA,NA,NA,NA,NA,NA,3.24000000953674,NA,NA,-1.08399155181888,-0.166339187585354,-0.363764147596464,-0.934112599854869,NA
"Lampanyctus turneri",0,0,1,16763,0,1,"Lampanyctus turneri","Lampanyctus","Lampanyctinae","Myctophidae","Myctophiformes","Teleostei","Osteichthyes",38.7702925189079,NA,NA,NA,NA,NA,NA,3.16000008583069,NA,NA,NA,NA,NA,NA,3.9
"Lampanyctus vadulus",0,0,1,16697,0,1,"Lampanyctus vadulus","Lampanyctus","Lampanyctinae","Myctophidae","Myctophiformes","Teleostei","Osteichthyes",38.7702925189079,NA,NA,NA,NA,NA,NA,3.19000005722046,NA,NA,NA,NA,NA,NA,6.9
"Lampanyctus wisneri",0,0,1,60930,0,1,"Lampanyctus wisneri","Lampanyctus","Lampanyctinae","Myctophidae","Myctophiformes","Teleostei","Osteichthyes",38.7702925189079,NA,NA,NA,NA,NA,NA,3.1800000667572,NA,NA,NA,NA,NA,NA,1.8
"Limanda aspera",0,1,0,520,0,1,"Limanda aspera","Limanda","Pleuronectinae","Pleuronectidae","Pleuronectiformes","Teleostei","Osteichthyes",28.4421331255507,1.89448014461691,NA,3.25809653802148,0.133075,7.13144635593238,NA,3.49,3.80743996523571,14.5519345574959,-1.31421181458552,-1.26794140382116,0.266333485609514,-1.30537929037021,3.4
"Limanda limanda",0,1,0,695,0,1,"Limanda limanda","Limanda","Pleuronectinae","Pleuronectidae","Pleuronectiformes","Teleostei","Osteichthyes",28.4421331255507,1.06471073464348,2.68988623047454,2.44853900561713,0.346347826086957,6.06360812207847,0.37,3,3.48553853009591,12.2743986280294,-1.17008438801017,-1.44287651300411,0.345252379538087,-1.32902655826276,8.9
"Limanda sakhalinensis",0,1,0,50421,0,1,"Limanda sakhalinensis","Limanda","Pleuronectinae","Pleuronectidae","Pleuronectiformes","Teleostei","Osteichthyes",28.4421331255507,1.25276296849537,NA,NA,0.14,5.79459488799011,NA,3.58,3.61899332664977,NA,-1.12000972703307,-1.23029636102695,0.260586612972183,-1.36520043746345,0.9
"Lipophrys pholis",0,1,0,9200,0,1,"Lipophrys pholis","Lipophrys","Salariinae","Blenniidae","Blenniiformes","Teleostei","Osteichthyes",33.6549110898789,NA,NA,1.79175946922805,0.3,3.98898404656427,0.9,3.47,2.83321334405622,8.98719682066197,-1.3008681726957,-1.32557392562865,-0.451261779065921,-0.609328930759572,12.3
"Lipophrys trigloides",0,1,0,16301,0,1,"Lipophrys trigloides","Lipophrys","Salariinae","Blenniidae","Blenniiformes","Teleostei","Osteichthyes",33.6549110898789,NA,NA,NA,NA,NA,NA,4.49,NA,NA,-1.64962575080098,-0.988980131024717,-0.464835033969024,-0.559457776302784,18.9
"Melamphaes acanthomus",0,0,1,12544,0,1,"Melamphaes acanthomus","Melamphaes",NA,"Melamphaidae","Beryciformes","Teleostei","Osteichthyes",37.4062266285027,NA,NA,NA,NA,NA,NA,3.53999996185303,NA,NA,NA,NA,NA,NA,4.4
"Melamphaes contradictorius",0,0,1,68863,0,1,"Melamphaes contradictorius","Melamphaes",NA,"Melamphaidae","Beryciformes","Teleostei","Osteichthyes",37.4062266285027,NA,NA,NA,NA,NA,NA,3.22000002861023,NA,NA,NA,NA,NA,NA,NA
"Melamphaes danae",0,0,1,16854,0,1,"Melamphaes danae","Melamphaes",NA,"Melamphaidae","Beryciformes","Teleostei","Osteichthyes",37.4062266285027,NA,NA,NA,NA,NA,NA,3.23,NA,NA,NA,NA,NA,NA,20.9
"Melamphaes ebelingi",0,0,1,59571,0,1,"Melamphaes ebelingi","Melamphaes",NA,"Melamphaidae","Beryciformes","Teleostei","Osteichthyes",37.4062266285027,NA,NA,NA,NA,NA,NA,3.73000001907349,NA,NA,NA,NA,NA,NA,2.3
"Melamphaes eulepis",0,0,1,9050,0,1,"Melamphaes eulepis","Melamphaes",NA,"Melamphaidae","Beryciformes","Teleostei","Osteichthyes",37.4062266285027,NA,NA,NA,NA,NA,NA,3.34999990463257,NA,NA,NA,NA,NA,NA,17.9
"Melamphaes falsidicus",0,0,1,66302,0,1,"Melamphaes falsidicus","Melamphaes",NA,"Melamphaidae","Beryciformes","Teleostei","Osteichthyes",37.4062266285027,NA,NA,NA,NA,NA,NA,3.5699999332428,NA,NA,NA,NA,NA,NA,NA
"Melamphaes hubbsi",0,0,1,9052,0,1,"Melamphaes hubbsi","Melamphaes",NA,"Melamphaidae","Beryciformes","Teleostei","Osteichthyes",37.4062266285027,NA,NA,NA,NA,NA,NA,3.15000009536743,NA,NA,NA,NA,NA,NA,12.5
"Melamphaes inconspicuus",0,0,1,69359,0,1,"Melamphaes inconspicuus","Melamphaes",NA,"Melamphaidae","Beryciformes","Teleostei","Osteichthyes",37.4062266285027,NA,NA,NA,NA,NA,NA,3.53999996185303,NA,NA,NA,NA,NA,NA,NA
"Melamphaes indicus",0,0,1,55110,0,1,"Melamphaes indicus","Melamphaes",NA,"Melamphaidae","Beryciformes","Teleostei","Osteichthyes",37.4062266285027,NA,NA,NA,NA,NA,NA,3.53999996185303,NA,NA,NA,NA,NA,NA,12.9
"Melamphaes kobylyanskyi",0,0,1,69360,0,1,"Melamphaes kobylyanskyi","Melamphaes",NA,"Melamphaidae","Beryciformes","Teleostei","Osteichthyes",37.4062266285027,NA,NA,NA,NA,NA,NA,3.53999996185303,NA,NA,NA,NA,NA,NA,NA
"Melamphaes laeviceps",0,0,1,55111,0,1,"Melamphaes laeviceps","Melamphaes",NA,"Melamphaidae","Beryciformes","Teleostei","Osteichthyes",37.4062266285027,NA,NA,NA,NA,NA,NA,3.53999996185303,NA,NA,NA,NA,NA,NA,1.9
"Melamphaes lentiginosus",0,0,1,69358,0,1,"Melamphaes lentiginosus","Melamphaes",NA,"Melamphaidae","Beryciformes","Teleostei","Osteichthyes",37.4062266285027,NA,NA,NA,NA,NA,NA,3.53999996185303,NA,NA,NA,NA,NA,NA,NA
"Melamphaes leprus",0,0,1,9053,0,1,"Melamphaes leprus","Melamphaes",NA,"Melamphaidae","Beryciformes","Teleostei","Osteichthyes",37.4062266285027,NA,NA,NA,NA,NA,NA,3.66000008583069,NA,NA,NA,NA,NA,NA,14
"Melamphaes longivelis",0,0,1,9054,0,1,"Melamphaes longivelis","Melamphaes",NA,"Melamphaidae","Beryciformes","Teleostei","Osteichthyes",37.4062266285027,NA,NA,NA,NA,NA,NA,3.64000010490417,NA,NA,NA,NA,NA,NA,24.4
"Melamphaes lugubris",0,0,1,16586,0,1,"Melamphaes lugubris","Melamphaes",NA,"Melamphaidae","Beryciformes","Teleostei","Osteichthyes",37.4062266285027,NA,NA,NA,NA,NA,NA,3.55999994277954,NA,NA,-1.44994800636304,-0.678363525900753,-0.392581763337164,-0.489447674476377,3.7
"Melamphaes macrocephalus",0,0,1,55112,0,1,"Melamphaes macrocephalus","Melamphaes",NA,"Melamphaidae","Beryciformes","Teleostei","Osteichthyes",37.4062266285027,NA,NA,NA,NA,NA,NA,3.70000004768372,NA,NA,NA,NA,NA,NA,13.2
"Melamphaes manifestus",0,0,1,66305,0,1,"Melamphaes manifestus","Melamphaes",NA,"Melamphaidae","Beryciformes","Teleostei","Osteichthyes",37.4062266285027,NA,NA,NA,NA,NA,NA,3.5699999332428,NA,NA,NA,NA,NA,NA,NA
"Melamphaes microps",0,0,1,7146,0,1,"Melamphaes microps","Melamphaes",NA,"Melamphaidae","Beryciformes","Teleostei","Osteichthyes",37.4062266285027,NA,NA,NA,NA,NA,NA,3.59999990463257,NA,NA,NA,NA,NA,NA,4.4
"Melamphaes nikolayi",0,0,1,67441,0,1,"Melamphaes nikolayi","Melamphaes",NA,"Melamphaidae","Beryciformes","Teleostei","Osteichthyes",37.4062266285027,NA,NA,NA,NA,NA,NA,3.45000004768372,NA,NA,NA,NA,NA,NA,NA
"Melamphaes occlusus",0,0,1,67440,0,1,"Melamphaes occlusus","Melamphaes",NA,"Melamphaidae","Beryciformes","Teleostei","Osteichthyes",37.4062266285027,NA,NA,NA,NA,NA,NA,3.67000007629395,NA,NA,NA,NA,NA,NA,NA
"Melamphaes pachystomus",0,0,1,66303,0,1,"Melamphaes pachystomus","Melamphaes",NA,"Melamphaidae","Beryciformes","Teleostei","Osteichthyes",37.4062266285027,NA,NA,NA,NA,NA,NA,3.5,NA,NA,NA,NA,NA,NA,NA
"Melamphaes papavereus",0,0,1,69008,0,1,"Melamphaes papavereus","Melamphaes",NA,"Melamphaidae","Beryciformes","Teleostei","Osteichthyes",37.4062266285027,NA,NA,NA,NA,NA,NA,3.25999999046326,NA,NA,NA,NA,NA,NA,NA
"Melamphaes parini",0,0,1,59573,0,1,"Melamphaes parini","Melamphaes",NA,"Melamphaidae","Beryciformes","Teleostei","Osteichthyes",37.4062266285027,NA,NA,NA,NA,NA,NA,3.66000008583069,NA,NA,NA,NA,NA,NA,NA
"Melamphaes parvus",0,0,1,57503,0,1,"Melamphaes parvus","Melamphaes",NA,"Melamphaidae","Beryciformes","Teleostei","Osteichthyes",37.4062266285027,NA,NA,NA,NA,NA,NA,3.53999996185303,NA,NA,NA,NA,NA,NA,5.5
"Melamphaes polylepis",0,0,1,17178,0,1,"Melamphaes polylepis","Melamphaes",NA,"Melamphaidae","Beryciformes","Teleostei","Osteichthyes",37.4062266285027,NA,NA,NA,NA,NA,NA,3.53999996185303,NA,NA,-1.34537057169535,-0.585659297345501,-0.332480137030321,-0.634222468552424,6.4
"Melamphaes proximus",0,0,1,68862,0,1,"Melamphaes proximus","Melamphaes",NA,"Melamphaidae","Beryciformes","Teleostei","Osteichthyes",37.4062266285027,NA,NA,NA,NA,NA,NA,3.58999991416931,NA,NA,NA,NA,NA,NA,NA
"Melamphaes pumilus",0,0,1,9055,0,1,"Melamphaes pumilus","Melamphaes",NA,"Melamphaidae","Beryciformes","Teleostei","Osteichthyes",37.4062266285027,NA,NA,NA,NA,NA,NA,3.11999988555908,NA,NA,NA,NA,NA,NA,13.3
"Melamphaes simus",0,0,1,16855,0,1,"Melamphaes simus","Melamphaes",NA,"Melamphaidae","Beryciformes","Teleostei","Osteichthyes",37.4062266285027,NA,NA,NA,NA,NA,NA,3,NA,NA,-1.62599704640868,-0.661175367775665,-0.270692407597523,-0.788787426781711,15.7
"Melamphaes spinifer",0,0,1,55113,0,1,"Melamphaes spinifer","Melamphaes",NA,"Melamphaidae","Beryciformes","Teleostei","Osteichthyes",37.4062266285027,NA,NA,NA,NA,NA,NA,3.53999996185303,NA,NA,NA,NA,NA,NA,9.5
"Melamphaes suborbitalis",0,0,1,17180,1,1,"Melamphaes suborbitalis","Melamphaes",NA,"Melamphaidae","Beryciformes","Teleostei","Osteichthyes",37.4062266285027,NA,NA,NA,NA,NA,NA,3.64000010490417,NA,NA,-1.26162849113734,-0.653950358819895,-0.286675669184009,-0.727458111660107,8.1
"Melamphaes succedaneus",0,0,1,68865,0,1,"Melamphaes succedaneus","Melamphaes",NA,"Melamphaidae","Beryciformes","Teleostei","Osteichthyes",37.4062266285027,NA,NA,NA,NA,NA,NA,3.64000010490417,NA,NA,NA,NA,NA,NA,NA
"Melamphaes typhlops",0,0,1,17185,0,1,"Melamphaes typhlops","Melamphaes",NA,"Melamphaidae","Beryciformes","Teleostei","Osteichthyes",37.4062266285027,NA,NA,NA,NA,NA,NA,3.52999997138977,NA,NA,NA,NA,NA,NA,19.2
"Melamphaes xestoachidus",0,0,1,66304,0,1,"Melamphaes xestoachidus","Melamphaes",NA,"Melamphaidae","Beryciformes","Teleostei","Osteichthyes",37.4062266285027,NA,NA,NA,NA,NA,NA,3.5699999332428,NA,NA,NA,NA,NA,NA,NA
"Mugil capurrii",1,0,0,13017,1,1,"Mugil capurrii","Mugil",NA,"Mugilidae","Mugiliformes","Teleostei","Osteichthyes",14.7680673601251,NA,NA,NA,NA,NA,NA,2,NA,NA,NA,NA,NA,NA,NA
"Mugil curema",1,0,0,1086,1,1,"Mugil curema","Mugil",NA,"Mugilidae","Mugiliformes","Teleostei","Osteichthyes",14.7680673601251,0.955511445027436,NA,NA,0.55625,6.76886494331414,NA,2.01,3.82373809056057,12.9531171645101,-1.11542255291604,-1.31035076134879,-0.355693312678278,-0.731339415785628,26.1
"Myoxocephalus aenaeus",0,1,0,4117,1,1,"Myoxocephalus aenaeus","Myoxocephalus",NA,"Cottidae","Scorpaeniformes","Teleostei","Osteichthyes",29.2781603884892,NA,NA,NA,NA,NA,NA,3.74,NA,NA,-1.82373882219456,-0.852512253452139,-0.408560535611342,-0.467286127314191,4.9
"Myoxocephalus brandtii",0,1,0,23937,0,1,"Myoxocephalus brandtii","Myoxocephalus",NA,"Cottidae","Scorpaeniformes","Teleostei","Osteichthyes",29.2781603884892,NA,NA,NA,0.559,5.94468760442254,NA,3.60999989509583,3.47041245068363,NA,NA,NA,NA,NA,2.5
"Myoxocephalus jaok",0,1,0,4118,0,1,"Myoxocephalus jaok","Myoxocephalus",NA,"Cottidae","Scorpaeniformes","Teleostei","Osteichthyes",29.2781603884892,1.70474809223843,NA,2.484906649788,0.193934,8.67337935352886,0.35,4.14,4.25731339050024,NA,NA,NA,NA,NA,2.4
"Myoxocephalus matsubarai",0,1,0,23939,0,1,"Myoxocephalus matsubarai","Myoxocephalus",NA,"Cottidae","Scorpaeniformes","Teleostei","Osteichthyes",29.2781603884892,NA,NA,NA,NA,NA,NA,3.53999996185303,NA,NA,NA,NA,NA,NA,NA
"Myoxocephalus niger",0,1,0,4119,0,1,"Myoxocephalus niger","Myoxocephalus",NA,"Cottidae","Scorpaeniformes","Teleostei","Osteichthyes",29.2781603884892,NA,NA,NA,NA,NA,NA,3.52999997138977,NA,NA,NA,NA,NA,NA,5.1
"Myoxocephalus ochotensis",0,1,0,61298,0,1,"Myoxocephalus ochotensis","Myoxocephalus",NA,"Cottidae","Scorpaeniformes","Teleostei","Osteichthyes",29.2781603884892,NA,NA,NA,NA,NA,NA,3.63000011444092,NA,NA,NA,NA,NA,NA,NA
"Myoxocephalus octodecemspinosus",0,1,0,4120,1,1,"Myoxocephalus octodecemspinosus","Myoxocephalus",NA,"Cottidae","Scorpaeniformes","Teleostei","Osteichthyes",29.2781603884892,NA,NA,NA,0.72,5.7182158768251,NA,3.62,3.40119738166216,NA,-1.77429553731617,-1.03288687725778,-0.560346053139647,-0.379307784578676,6.7
"Myoxocephalus polyacanthocephalus",0,1,0,4121,0,1,"Myoxocephalus polyacanthocephalus","Myoxocephalus",NA,"Cottidae","Scorpaeniformes","Teleostei","Osteichthyes",29.2781603884892,1.92181259747625,NA,2.83321334405622,0.145248,9.31464413999785,0.24706,3.76,4.44382703557933,11.6847757218969,-1.84374941765578,-0.797453076522146,-0.57027347196383,-0.224499729517005,3.2
"Myoxocephalus quadricornis",0,1,0,4122,1,1,"Myoxocephalus quadricornis","Myoxocephalus",NA,"Cottidae","Scorpaeniformes","Teleostei","Osteichthyes",29.2781603884892,1.32175583998232,NA,NA,0.283333333333333,7.20131732296901,NA,3.85,3.68219046596314,8.70759314106146,-2.23140464922624,-0.65948601967273,-0.736509262951694,-0.295791525167787,-1
"Myoxocephalus scorpioides",0,1,0,4123,1,1,"Myoxocephalus scorpioides","Myoxocephalus",NA,"Cottidae","Scorpaeniformes","Teleostei","Osteichthyes",29.2781603884892,NA,NA,NA,NA,NA,NA,3.39,NA,NA,NA,NA,NA,NA,1.1
"Myoxocephalus scorpius",0,1,0,1329,1,1,"Myoxocephalus scorpius","Myoxocephalus",NA,"Cottidae","Scorpaeniformes","Teleostei","Osteichthyes",29.2781603884892,0,NA,NA,0.466944444444444,5.34021457481876,NA,3.89,NA,9.31411963811768,-1.92061901963282,-0.622187671783433,-0.499328796532142,-0.367231102222684,4.5
"Myoxocephalus tuberculatus",0,1,0,61294,0,1,"Myoxocephalus tuberculatus","Myoxocephalus",NA,"Cottidae","Scorpaeniformes","Teleostei","Osteichthyes",29.2781603884892,NA,NA,NA,NA,NA,NA,3.63000011444092,NA,NA,NA,NA,NA,NA,NA
"Myoxocephalus yesoensis",0,1,0,61299,0,1,"Myoxocephalus yesoensis","Myoxocephalus",NA,"Cottidae","Scorpaeniformes","Teleostei","Osteichthyes",29.2781603884892,NA,NA,NA,NA,NA,NA,3.63000011444092,NA,NA,NA,NA,NA,NA,NA
"Oncorhynchus keta",1,0,0,241,1,1,"Oncorhynchus keta","Oncorhynchus","Salmoninae","Salmonidae","Salmoniformes","Teleostei","Osteichthyes",24.0565822155578,1.17865499634165,NA,1.73460105538811,0.3676,10.2286433307705,1,3.74,4.6844433668826,7.91935619066062,-1.39990076894759,-0.537531500768701,-0.132575044526566,-0.964471995344386,3.3
"Oncorhynchus kisutch",0,0,1,245,1,1,"Oncorhynchus kisutch","Oncorhynchus","Salmoninae","Salmonidae","Salmoniformes","Teleostei","Osteichthyes",24.0565822155578,1.15267950993839,NA,1.6094379124341,0.98,8.9226582995244,1.4,4.18,4.38202663467388,8.23645835947953,-1.25215172657347,-0.504620304225267,-0.247418943280631,-0.889400452390588,3.9
"Oncorhynchus masou",1,0,0,242,1,1,"Oncorhynchus masou","Oncorhynchus","Salmoninae","Salmonidae","Salmoniformes","Teleostei","Osteichthyes",24.0565822155578,1.38629436111989,NA,NA,0.912,4.92418452357382,1.4,3.6,NA,7.63530388625941,NA,NA,NA,NA,3.3
"Oncorhynchus mykiss",1,0,0,239,1,1,"Oncorhynchus mykiss","Oncorhynchus","Salmoninae","Salmonidae","Salmoniformes","Teleostei","Osteichthyes",24.0565822155578,1.20397280432594,NA,2.2512917986065,0.5156875,7.73767858233149,0.9625,4.08,4.86259921526885,8.68939707002191,-1.16698789879886,-0.73313970327914,-0.172588350613586,-0.892183394945782,5.4
"Oncorhynchus nerka",0,0,1,243,1,1,"Oncorhynchus nerka","Oncorhynchus","Salmoninae","Salmonidae","Salmoniformes","Teleostei","Osteichthyes",24.0565822155578,0.693147180559945,NA,1.94591014905531,0.477,8.52847465176489,0.72,3.54,4.23410650459726,7.42833319419081,-1.4581265405636,-0.644385459877629,-0.20472506618735,-0.948200621845001,4.2
"Oncorhynchus tshawytscha",1,0,0,244,1,1,"Oncorhynchus tshawytscha","Oncorhynchus","Salmoninae","Salmonidae","Salmoniformes","Teleostei","Osteichthyes",24.0565822155578,1.42911434688157,NA,NA,NA,NA,NA,4.4,NA,9.0442857876461,-1.45061311541447,-0.722568815030898,-0.196041593688259,-0.91282647061665,3.5
"Platichthys bicoloratus",0,1,0,8557,1,1,"Platichthys bicoloratus","Platichthys","Pleuronectinae","Pleuronectidae","Pleuronectiformes","Teleostei","Osteichthyes",28.8588645698504,NA,NA,2.484906649788,0.25625,7.3456875772278,0.37,3.73,NA,NA,NA,NA,NA,NA,NA
"Platichthys solemdali",0,1,0,69158,1,0,"Platichthys solemdali","Platichthys","Pleuronectinae","Pleuronectidae","Pleuronectiformes","Teleostei","Osteichthyes",28.8588645698504,NA,NA,NA,NA,NA,NA,3.42000007629395,NA,NA,NA,NA,NA,NA,NA
"Platichthys stellatus",0,1,0,4249,1,1,"Platichthys stellatus","Platichthys","Pleuronectinae","Pleuronectidae","Pleuronectiformes","Teleostei","Osteichthyes",28.8588645698504,1.74919985480926,NA,NA,0.241333333333333,7.13272148558391,NA,3.58,3.84374416467485,14.9453519360153,NA,NA,NA,NA,3.2
"Pleuronectes quadrituberculatus",0,1,0,4250,0,1,"Pleuronectes quadrituberculatus","Pleuronectes","Pleuronectinae","Pleuronectidae","Pleuronectiformes","Teleostei","Osteichthyes",26.394974888927,1.84582669049833,3.43398720448515,3.61091791264422,0.136697,7.24912450575106,0.11351,3.59,4.0853458617584,NA,-1.27467204166575,-1.35405011561911,0.383787610390306,-1.37115647983252,3.3
"Pomadasys andamanensis",1,0,0,13117,0,1,"Pomadasys andamanensis","Pomadasys","Haemulinae","Haemulidae","Eupercaria/misc","Teleostei","Osteichthyes",34.3839799437375,NA,NA,NA,NA,NA,NA,3.27999997138977,NA,NA,NA,NA,NA,NA,NA
"Pomadasys auritus",1,0,0,60536,1,1,"Pomadasys auritus","Pomadasys","Haemulinae","Haemulidae","Eupercaria/misc","Teleostei","Osteichthyes",34.3839799437375,NA,NA,NA,NA,NA,NA,3.45000004768372,NA,NA,NA,NA,NA,NA,26.5
"Pomadasys commersonnii",1,0,0,5126,1,1,"Pomadasys commersonnii","Pomadasys","Haemulinae","Haemulidae","Eupercaria/misc","Teleostei","Osteichthyes",34.3839799437375,NA,3.48124008933569,NA,0.225666666666667,9.1802542357852,NA,3.53,4.44734610079452,NA,NA,NA,NA,NA,26.8
"Pomadasys empherus",1,0,0,13737,1,1,"Pomadasys empherus","Pomadasys","Haemulinae","Haemulidae","Eupercaria/misc","Teleostei","Osteichthyes",34.3839799437375,NA,NA,NA,NA,NA,NA,3.3199999332428,NA,NA,NA,NA,NA,NA,NA
"Pomadasys furcatus",1,0,0,7707,0,1,"Pomadasys furcatus","Pomadasys","Haemulinae","Haemulidae","Eupercaria/misc","Teleostei","Osteichthyes",34.3839799437375,NA,NA,NA,NA,NA,NA,3.46000003814697,NA,NA,NA,NA,NA,NA,28.1
"Pomadasys guoraca",1,0,0,9909,1,1,"Pomadasys guoraca","Pomadasys","Haemulinae","Haemulidae","Eupercaria/misc","Teleostei","Osteichthyes",34.3839799437375,NA,NA,NA,NA,NA,NA,3.4300000667572,NA,NA,NA,NA,NA,NA,26.9
"Pomadasys kaakan",1,0,0,6006,1,1,"Pomadasys kaakan","Pomadasys","Haemulinae","Haemulidae","Eupercaria/misc","Teleostei","Osteichthyes",34.3839799437375,NA,NA,NA,0.3014,8.66252319175104,NA,3.46,NA,NA,-1.39533743288943,-1.06660571026678,-0.120741829067832,-0.773641417584891,28
"Pomadasys maculatus",1,0,0,4447,1,1,"Pomadasys maculatus","Pomadasys","Haemulinae","Haemulidae","Eupercaria/misc","Teleostei","Osteichthyes",34.3839799437375,NA,NA,NA,0.49,7.15820883404022,1.41333333333333,4.04,3.14558802909837,NA,-1.38968213914304,-1.19343733801764,-0.0624221634847513,-0.818691468874645,27.4
"Pomadasys olivaceus",1,0,0,5518,1,1,"Pomadasys olivaceus","Pomadasys","Haemulinae","Haemulidae","Eupercaria/misc","Teleostei","Osteichthyes",34.3839799437375,NA,NA,NA,NA,NA,NA,2.64,NA,NA,-1.54509982811739,-1.17515162060279,-0.149698338824261,-0.764404162813181,27
"Pomadasys perotaei",1,0,0,9911,1,1,"Pomadasys perotaei","Pomadasys","Haemulinae","Haemulidae","Eupercaria/misc","Teleostei","Osteichthyes",34.3839799437375,NA,NA,NA,NA,NA,NA,3.31,NA,NA,-1.30743544547041,-1.22938462402839,-0.0826579673129212,-0.872939534165834,17.9
"Pomadasys rogerii",1,0,0,5004,1,1,"Pomadasys rogerii","Pomadasys","Haemulinae","Haemulidae","Eupercaria/misc","Teleostei","Osteichthyes",34.3839799437375,NA,NA,NA,NA,NA,NA,3.55,NA,NA,NA,NA,NA,NA,19.9
"Pomadasys striatus",1,0,0,7301,0,1,"Pomadasys striatus","Pomadasys","Haemulinae","Haemulidae","Eupercaria/misc","Teleostei","Osteichthyes",34.3839799437375,NA,NA,NA,0.3,4.95582705760126,NA,3.32999992370605,NA,NA,NA,NA,NA,NA,27
"Pomadasys stridens",1,0,0,7708,0,1,"Pomadasys stridens","Pomadasys","Haemulinae","Haemulidae","Eupercaria/misc","Teleostei","Osteichthyes",34.3839799437375,NA,NA,NA,0.22,4.93166182939347,0.695,4.02,NA,NA,NA,NA,NA,NA,25.2
"Pomadasys suillus",1,0,0,17426,0,1,"Pomadasys suillus","Pomadasys","Haemulinae","Haemulidae","Eupercaria/misc","Teleostei","Osteichthyes",34.3839799437375,NA,NA,NA,NA,NA,NA,3.41000008583069,NA,NA,NA,NA,NA,NA,NA
"Pomadasys trifasciatus",1,0,0,27498,1,1,"Pomadasys trifasciatus","Pomadasys","Haemulinae","Haemulidae","Eupercaria/misc","Teleostei","Osteichthyes",34.3839799437375,NA,NA,NA,NA,NA,NA,3.42000007629395,NA,NA,NA,NA,NA,NA,27.9
"Pomadasys unimaculatus",1,0,0,51125,0,1,"Pomadasys unimaculatus","Pomadasys","Haemulinae","Haemulidae","Eupercaria/misc","Teleostei","Osteichthyes",34.3839799437375,NA,NA,NA,NA,NA,NA,3.33999991416931,NA,NA,NA,NA,NA,NA,27.8
"Pseudopleuronectes americanus",0,1,0,524,0,1,"Pseudopleuronectes americanus","Pseudopleuronectes","Pleuronectinae","Pleuronectidae","Pleuronectiformes","Teleostei","Osteichthyes",42.5788547861046,1.03555414423641,3.30908209275435,2.30258509299405,0.38425,7.64095613177835,0.3,3.62,3.82697760907003,13.2878778158819,NA,NA,NA,NA,6.1
"Pseudopleuronectes herzensteini",0,1,0,8556,0,1,"Pseudopleuronectes herzensteini","Pseudopleuronectes","Pleuronectinae","Pleuronectidae","Pleuronectiformes","Teleostei","Osteichthyes",42.5788547861046,1.25276296849537,NA,NA,0.18,7.21765033985669,NA,3.47000002861023,3.71843825635548,NA,-1.15354954857262,-1.28526194192461,0.194768254254869,-1.24423143008457,13.3
"Pseudopleuronectes obscurus",0,1,0,24239,0,1,"Pseudopleuronectes obscurus","Pseudopleuronectes","Pleuronectinae","Pleuronectidae","Pleuronectiformes","Teleostei","Osteichthyes",42.5788547861046,NA,NA,NA,NA,NA,NA,3.45000004768372,NA,NA,NA,NA,NA,NA,NA
"Pseudopleuronectes schrenki",0,1,0,8885,0,1,"Pseudopleuronectes schrenki","Pseudopleuronectes","Pleuronectinae","Pleuronectidae","Pleuronectiformes","Teleostei","Osteichthyes",42.5788547861046,NA,NA,NA,NA,NA,NA,3.47000002861023,NA,NA,NA,NA,NA,NA,NA
"Pseudopleuronectes yokohamae",0,1,0,8170,0,1,"Pseudopleuronectes yokohamae","Pseudopleuronectes","Pleuronectinae","Pleuronectidae","Pleuronectiformes","Teleostei","Osteichthyes",42.5788547861046,NA,NA,2.30258509299405,0.3078,6.79383784319558,0.42,3.31,3.7220724214697,13.6015540512249,-0.995684963798911,-1.35956027278889,0.255938964852216,-1.30520838034722,NA
"Salvelinus alpinus",1,0,0,247,1,1,"Salvelinus alpinus","Salvelinus","Salmoninae","Salmonidae","Salmoniformes","Teleostei","Osteichthyes",28.343314642495,1.84732932253078,NA,3.28341434600577,0.0496575,7.54958288586187,0.21075,4.39,4.12066187053947,8.2515148700951,NA,NA,NA,NA,1.9
"Salvelinus curilus",1,0,0,62773,1,1,"Salvelinus curilus","Salvelinus","Salmoninae","Salmonidae","Salmoniformes","Teleostei","Osteichthyes",28.343314642495,NA,NA,NA,NA,NA,NA,3.88000011444092,NA,NA,NA,NA,NA,NA,NA
"Salvelinus fontinalis",1,0,0,246,1,1,"Salvelinus fontinalis","Salvelinus","Salmoninae","Salmonidae","Salmoniformes","Teleostei","Osteichthyes",28.343314642495,0.832909122935104,NA,NA,0.316,5.64043771181669,1.25,3.31,3.39785848039664,7.29250734549276,-1.19294015762697,-0.355730198598945,-0.212356315713227,-0.878667303410914,4.5
"Salvelinus leucomaenis",1,0,0,6411,1,1,"Salvelinus leucomaenis","Salvelinus","Salmoninae","Salmonidae","Salmoniformes","Teleostei","Osteichthyes",28.343314642495,1.09861228866811,NA,NA,0.611,NA,NA,4.35,NA,7.72334130673466,NA,NA,NA,NA,5.1
"Salvelinus levanidovi",1,0,0,61678,1,1,"Salvelinus levanidovi","Salvelinus","Salmoninae","Salmonidae","Salmoniformes","Teleostei","Osteichthyes",28.343314642495,NA,NA,NA,NA,NA,NA,3.79999995231628,NA,NA,NA,NA,NA,NA,NA
"Salvelinus malma",1,0,0,2691,1,1,"Salvelinus malma","Salvelinus","Salmoninae","Salmonidae","Salmoniformes","Teleostei","Osteichthyes",28.343314642495,1.38629436111989,NA,NA,0.09,8.34612118014036,NA,4.4,4.7361984483945,NA,-1.40113336009794,-0.703926850485863,-0.36645257845528,-0.815638193619688,2.2
"Salvelinus taranetzi",1,0,0,63243,1,1,"Salvelinus taranetzi","Salvelinus","Salmoninae","Salmonidae","Salmoniformes","Teleostei","Osteichthyes",28.343314642495,NA,NA,NA,NA,NA,NA,3.79999995231628,NA,NA,NA,NA,NA,NA,NA
"Scyliorhinus besnardi",0,1,0,843,0,1,"Scyliorhinus besnardi","Scyliorhinus","Scyliorhininae","Scyliorhinidae","Carcharhiniformes","Elasmobranchii","Chondrichthyes",23.8149860172111,NA,NA,NA,NA,NA,NA,3.78999996185303,NA,NA,NA,NA,NA,NA,16
"Scyliorhinus boa",0,1,0,844,0,1,"Scyliorhinus boa","Scyliorhinus","Scyliorhininae","Scyliorhinidae","Carcharhiniformes","Elasmobranchii","Chondrichthyes",23.8149860172111,NA,NA,NA,NA,NA,NA,3.82999992370605,NA,NA,NA,NA,NA,NA,11
"Scyliorhinus capensis",0,1,0,846,0,1,"Scyliorhinus capensis","Scyliorhinus","Scyliorhininae","Scyliorhinidae","Carcharhiniformes","Elasmobranchii","Chondrichthyes",23.8149860172111,NA,NA,NA,NA,NA,NA,4.03,NA,0.405465108108164,NA,NA,NA,NA,12.2
"Scyliorhinus cervigoni",0,1,0,847,0,1,"Scyliorhinus cervigoni","Scyliorhinus","Scyliorhininae","Scyliorhinidae","Carcharhiniformes","Elasmobranchii","Chondrichthyes",23.8149860172111,NA,NA,NA,NA,NA,NA,4.5,NA,0.693147180559945,NA,NA,NA,NA,14.3
"Scyliorhinus comoroensis",0,1,0,53996,0,1,"Scyliorhinus comoroensis","Scyliorhinus","Scyliorhininae","Scyliorhinidae","Carcharhiniformes","Elasmobranchii","Chondrichthyes",23.8149860172111,NA,NA,NA,NA,NA,NA,3.86999988555908,NA,NA,NA,NA,NA,NA,NA
"Scyliorhinus duhamelii",0,1,0,69510,0,1,"Scyliorhinus duhamelii","Scyliorhinus","Scyliorhininae","Scyliorhinidae","Carcharhiniformes","Elasmobranchii","Chondrichthyes",23.8149860172111,NA,NA,NA,NA,NA,NA,3.76999998092651,NA,NA,NA,NA,NA,NA,NA
"Scyliorhinus hachijoensis",0,1,0,69620,0,1,"Scyliorhinus hachijoensis","Scyliorhinus","Scyliorhininae","Scyliorhinidae","Carcharhiniformes","Elasmobranchii","Chondrichthyes",23.8149860172111,NA,NA,NA,NA,NA,NA,3.75999999046326,NA,NA,NA,NA,NA,NA,NA
"Scyliorhinus haeckelii",0,1,0,849,0,1,"Scyliorhinus haeckelii","Scyliorhinus","Scyliorhininae","Scyliorhinidae","Carcharhiniformes","Elasmobranchii","Chondrichthyes",23.8149860172111,NA,NA,NA,NA,NA,NA,3.84999990463257,NA,0.693147180559945,NA,NA,NA,NA,18.6
"Scyliorhinus hesperius",0,1,0,851,0,1,"Scyliorhinus hesperius","Scyliorhinus","Scyliorhininae","Scyliorhinidae","Carcharhiniformes","Elasmobranchii","Chondrichthyes",23.8149860172111,NA,NA,NA,NA,NA,NA,3.78999996185303,NA,0.693147180559945,NA,NA,NA,NA,13.4
"Scyliorhinus meadi",0,1,0,852,0,1,"Scyliorhinus meadi","Scyliorhinus","Scyliorhininae","Scyliorhinidae","Carcharhiniformes","Elasmobranchii","Chondrichthyes",23.8149860172111,NA,NA,NA,NA,NA,NA,3.99,NA,0.693147180559945,NA,NA,NA,NA,10.9
"Scyliorhinus retifer",0,1,0,853,0,1,"Scyliorhinus retifer","Scyliorhinus","Scyliorhininae","Scyliorhinidae","Carcharhiniformes","Elasmobranchii","Chondrichthyes",23.8149860172111,NA,NA,NA,NA,NA,NA,4.37,NA,NA,NA,NA,NA,NA,16.8
"Scyliorhinus torazame",0,1,0,855,0,1,"Scyliorhinus torazame","Scyliorhinus","Scyliorhininae","Scyliorhinidae","Carcharhiniformes","Elasmobranchii","Chondrichthyes",23.8149860172111,NA,NA,NA,NA,NA,NA,3.87,NA,0.405465108108164,NA,NA,NA,NA,NA
"Scyliorhinus torrei",0,1,0,856,0,1,"Scyliorhinus torrei","Scyliorhinus","Scyliorhininae","Scyliorhinidae","Carcharhiniformes","Elasmobranchii","Chondrichthyes",23.8149860172111,NA,NA,NA,NA,NA,NA,3.69000005722046,NA,NA,NA,NA,NA,NA,13
"Scyliorhinus ugoi",0,1,0,67844,0,1,"Scyliorhinus ugoi","Scyliorhinus","Scyliorhininae","Scyliorhinidae","Carcharhiniformes","Elasmobranchii","Chondrichthyes",23.8149860172111,NA,NA,NA,NA,NA,NA,3.85999989509583,NA,NA,NA,NA,NA,NA,NA
"Squalus acanthias",1,0,0,139,1,1,"Squalus acanthias","Squalus",NA,"Squalidae","Squaliformes","Elasmobranchii","Chondrichthyes",28.5914443077493,2.48073128236779,4.29319542096727,3.18560103598333,0.113677837837838,9.29792263688194,0.094,4.37,4.83758314826332,1.8803128665695,NA,NA,NA,NA,9.9
"Squalus albicaudus",1,0,0,67976,0,1,"Squalus albicaudus","Squalus",NA,"Squalidae","Squaliformes","Elasmobranchii","Chondrichthyes",28.5914443077493,NA,NA,NA,NA,NA,NA,4.19999980926514,NA,NA,NA,NA,NA,NA,NA
"Squalus clarkae",1,0,0,68990,0,1,"Squalus clarkae","Squalus",NA,"Squalidae","Squaliformes","Elasmobranchii","Chondrichthyes",28.5914443077493,NA,NA,NA,NA,NA,NA,4.26999998092651,NA,NA,NA,NA,NA,NA,NA
"Squalus hawaiiensis",1,0,0,69807,0,1,"Squalus hawaiiensis","Squalus",NA,"Squalidae","Squaliformes","Elasmobranchii","Chondrichthyes",28.5914443077493,NA,NA,NA,NA,NA,NA,4.3899998664856,NA,NA,NA,NA,NA,NA,NA
"Squalus hemipinnis",1,0,0,63661,0,1,"Squalus hemipinnis","Squalus",NA,"Squalidae","Squaliformes","Elasmobranchii","Chondrichthyes",28.5914443077493,NA,NA,NA,NA,NA,NA,4.30000019073486,NA,NA,NA,NA,NA,NA,28.3
"Squalus lobularis",1,0,0,67977,0,1,"Squalus lobularis","Squalus",NA,"Squalidae","Squaliformes","Elasmobranchii","Chondrichthyes",28.5914443077493,NA,NA,NA,NA,NA,NA,4.26999998092651,NA,NA,NA,NA,NA,NA,NA
"Squalus mitsukurii",1,0,0,713,0,1,"Squalus mitsukurii","Squalus",NA,"Squalidae","Squaliformes","Elasmobranchii","Chondrichthyes",28.5914443077493,NA,NA,NA,NA,NA,NA,4.37,NA,1.6094379124341,NA,NA,NA,NA,14.1
"Squalus suckleyi",1,0,0,65869,1,1,"Squalus suckleyi","Squalus",NA,"Squalidae","Squaliformes","Elasmobranchii","Chondrichthyes",28.5914443077493,3.29026582095487,4.48751214251986,4.28358656186063,0.0639076923076923,9.05108550208617,0.075,4.51000022888184,4.74533337895514,1.94591014905531,NA,NA,NA,NA,10.2
"Triphoturus mexicanus",0,0,1,2739,0,1,"Triphoturus mexicanus","Triphoturus","Lampanyctinae","Myctophidae","Myctophiformes","Teleostei","Osteichthyes",34.7083878498098,NA,NA,1.6094379124341,0.6146,NA,0.84,3.33,NA,NA,NA,NA,NA,NA,11.5
"Triphoturus nigrescens",0,0,1,7421,0,1,"Triphoturus nigrescens","Triphoturus","Lampanyctinae","Myctophidae","Myctophiformes","Teleostei","Osteichthyes",34.7083878498098,NA,NA,NA,NA,NA,NA,3.07,NA,NA,-1.45440421363916,-0.109236916034009,-0.450212846837663,-1.06555180116682,12
"Triphoturus oculeum",0,0,1,60938,0,1,"Triphoturus oculeum","Triphoturus","Lampanyctinae","Myctophidae","Myctophiformes","Teleostei","Osteichthyes",34.7083878498098,NA,NA,NA,NA,NA,NA,3.22000002861023,NA,NA,NA,NA,NA,NA,2.7
"Alosa alosa",0,0,1,101,1,1,"Alosa alosa","Alosa",NA,"Alosidae","Clupeiformes","Teleostei","Osteichthyes",NA,1.48538526376412,3.68887945411394,2.30258509299405,0.351,8.3582853810313,0.44,2.95,NA,12.6523597481586,-1.36459025727272,-0.848378726728062,-0.159087714731276,-0.940943881241218,10.1
"Alosa fallax",0,0,1,5355,1,1,"Alosa fallax","Alosa",NA,"Alosidae","Clupeiformes","Teleostei","Osteichthyes",NA,1.27450295513177,3.11351530921037,3.2188758248682,0.361133333333333,7.25567762786972,NA,4.03,3.95610368466332,11.8313791960888,NA,NA,NA,NA,10.8
"Anguilla anguilla",0,1,0,35,1,1,"Anguilla anguilla","Anguilla",NA,"Anguillidae","Anguilliformes","Teleostei","Osteichthyes",21.5390976662833,2.484906649788,NA,2.70061522261469,0.229544186046512,7.10800009442566,0.26,3.55,4.37941292779838,14.7318012898384,-2.29422944446761,-1.309632496524,-0.776849997430085,-1.12283844500281,7.9
"Argyrosomus regius",1,0,0,418,1,1,"Argyrosomus regius","Argyrosomus",NA,"Sciaenidae","Eupercaria/misc","Teleostei","Osteichthyes",NA,NA,NA,3.73766961828337,0.1263325,10.9754925514834,0.1,4.29,5.09121630301352,NA,NA,NA,NA,NA,15.3
"Atherina boyeri",0,1,0,1696,1,1,"Atherina boyeri","Atherina","Atherininae","Atherinidae","Atheriniformes","Teleostei","Osteichthyes",NA,0,1.45278410238872,1.09861228866811,0.4785,2.53976087332081,NA,3.22,2.50334917252552,7.93119492637334,NA,NA,NA,NA,18.3
"Auxis rochei",0,0,1,93,1,1,"Auxis rochei","Auxis","Scombrinae","Scombridae","Scombriformes","Teleostei","Osteichthyes",NA,0.693147180559945,NA,1.6094379124341,0.476654545454545,7.76316879955849,0.84,4.4,NA,11.4814347978789,NA,NA,NA,NA,26
"Belone belone",0,0,1,47,1,1,"Belone belone","Belone",NA,"Belonidae","Beloniformes","Teleostei","Osteichthyes",NA,0.693147180559945,NA,NA,0.2905,5.49793481663287,NA,4.16,4.1174098351531,9.86534945314503,-1.94620275581158,0.762175039715077,-0.854550133712213,-1.1725793844718,11.3
"Boops boops",0,1,0,203,0,1,"Boops boops","Boops",NA,"Sparidae","Eupercaria/misc","Teleostei","Osteichthyes",NA,0.721318055870957,2.64546532591059,2.07944154167984,0.241007692307692,5.78314821221153,0.4145,2.79,3.40885548340398,11.8829637207919,-1.5098444420732,-1.29394004902697,-0.270567531899491,-0.800117129849534,17.8
"Caranx crysos",1,0,0,1933,1,1,"Caranx crysos","Caranx","Caranginae","Carangidae","Carangiformes","Teleostei","Osteichthyes",NA,NA,3.57515068878559,NA,0.4225,8.22076123009241,1.14,4.13,NA,13.5842088189486,-2.28804768059595,-0.949461034952009,-0.134257710873344,-0.868194723323509,24.9
"Chelidonichthys lucerna",0,1,0,1366,0,1,"Chelidonichthys lucerna","Chelidonichthys","Triglinae","Triglidae","Scorpaeniformes","Teleostei","Osteichthyes",NA,0.940007254766181,2.99189157416805,2.70805020110221,0.328894,7.18572294749396,0.29,3.98,NA,NA,-1.88389763833355,-0.884800153590641,-0.557935537835283,-0.509813678162475,9.8
"Chelon auratus",0,0,1,1735,1,1,"Chelon auratus","Chelon",NA,"Mugilidae","Mugiliformes","Teleostei","Osteichthyes",NA,1.25276296849537,3.41772668361337,1.90954250488444,0.2516,7.66211266876148,0.473333333333333,2.84,NA,13.5797882244432,NA,NA,NA,NA,11.9
"Chelon ramada",0,0,1,4583,1,1,"Chelon ramada","Chelon",NA,"Mugilidae","Mugiliformes","Teleostei","Osteichthyes",NA,1.13542626083332,3.12456514539696,1.79175946922805,0.262327333333333,6.85176520679958,0.406,2.34,3.85307475549265,13.0005761795297,NA,NA,NA,NA,11.8
"Chelon saliens",0,1,0,1736,1,1,"Chelon saliens","Chelon",NA,"Mugilidae","Mugiliformes","Teleostei","Osteichthyes",17.156231608136,1.02961941718116,3.06805293513362,NA,0.250461538461538,6.73897701149695,0.34,2.94,3.72025698980619,13.8867715885658,NA,NA,NA,NA,18.4
"Coris julis",1,0,0,58,0,1,"Coris julis","Coris","Corinae","Labridae","Labriformes","Teleostei","Osteichthyes",NA,0,NA,1.79175946922805,0.145666666666667,5.27330846811124,1.58,3.44,NA,7.76726399675731,-0.977407413429862,-1.30097417678304,-0.182898507392196,-0.907742862842719,19
"Coryphaena hippurus",0,0,1,6,1,1,"Coryphaena hippurus","Coryphaena",NA,"Coryphaenidae","Carangiformes","Teleostei","Osteichthyes",NA,-0.641187414467624,NA,1.33500106673234,1.5274375,10.4035511821991,1.00066666666667,4.37,4.72694524291401,12.7678175937657,-1.68710338091239,-0.863384665046473,-0.25119008949313,-1.02342026862735,27.4
"Crystallogobius linearis",0,1,0,60,0,1,"Crystallogobius linearis","Crystallogobius","Gobionellinae","Gobiidae","Gobiiformes","Teleostei","Osteichthyes",NA,0,NA,NA,0.97,0.0992297609275015,NA,3.4,1.68639895357023,6.02425436993097,NA,NA,NA,NA,9.8
"Dentex dentex",1,0,0,439,0,1,"Dentex dentex","Dentex",NA,"Sparidae","Eupercaria/misc","Teleostei","Osteichthyes",NA,0.854415338301539,3.74478708605223,3.46573590279973,0.0994025,9.13236656275555,0.13889,4.53,4.47449186234598,NA,-1.25924053787713,-0.925130474116829,-0.0393117032473423,-0.88979614704996,18.1
"Dentex gibbosus",1,0,0,4536,0,1,"Dentex gibbosus","Dentex",NA,"Sparidae","Eupercaria/misc","Teleostei","Osteichthyes",NA,NA,3.60141342833266,2.77258872223978,0.1518,9.63922899502793,NA,4.14,4.62823545891909,NA,-1.28823733983018,-1.00245381306626,-0.0318368861813836,-0.888178409020738,15.5
"Dentex maroccanus",0,1,0,4538,0,1,"Dentex maroccanus","Dentex",NA,"Sparidae","Eupercaria/misc","Teleostei","Osteichthyes",NA,NA,2.76000994003292,1.6094379124341,0.22,6.45783391636123,0.55,3.85,3.46394859222563,NA,-1.30823393478739,-1.08168338688154,-0.0511605666971519,-0.845262297879381,13.5
"Dicentrarchus labrax",0,1,0,63,1,1,"Dicentrarchus labrax","Dicentrarchus",NA,"Moronidae","Eupercaria/misc","Teleostei","Osteichthyes",NA,1.43848011429046,3.42816382989197,2.23001440015921,0.177298333333333,8.64029909596755,0.1125,3.47,NA,13.1620224559999,-1.26076187433444,-0.727820586625627,-0.328546422429074,-0.781022641298165,10.7
"Diplodus annularis",1,0,0,1752,1,1,"Diplodus annularis","Diplodus",NA,"Sparidae","Eupercaria/misc","Teleostei","Osteichthyes",NA,0.619039208406224,2.4466854369678,2.484906649788,0.261954545454545,5.00034370117667,0.495,3.64,3.05437846898672,11.4974361220741,-1.40869235020504,-1.29903260719425,0.0942474428275685,-0.979168023215209,18.3
"Diplodus cervinus",1,0,0,2497,0,1,"Diplodus cervinus","Diplodus",NA,"Sparidae","Eupercaria/misc","Teleostei","Osteichthyes",NA,1.50407739677627,3.36210999295411,2.95491027903374,0.1416,8.26841277096673,0.215,2.99,NA,NA,NA,NA,NA,NA,14.9
"Diplodus puntazzo",1,0,0,1749,1,1,"Diplodus puntazzo","Diplodus",NA,"Sparidae","Eupercaria/misc","Teleostei","Osteichthyes",NA,NA,NA,NA,0.3688,6.57813062605478,0.501,3.22,3.5307625860168,13.0918103510858,-1.33580063028134,-1.38483587156434,0.0860885598922808,-1.0357783718306,19.1
"Diplodus sargus",0,1,0,1753,1,1,"Diplodus sargus","Diplodus",NA,"Sparidae","Eupercaria/misc","Teleostei","Osteichthyes",NA,1.18085038481369,2.99573227355399,2.42036812865043,0.175855555555556,7.41045438940325,0.86305,3.38,3.83878004366043,12.2100273155046,NA,NA,NA,NA,18.8
"Diplodus vulgaris",1,0,0,1754,0,1,"Diplodus vulgaris","Diplodus",NA,"Sparidae","Eupercaria/misc","Teleostei","Osteichthyes",NA,0.287682072451781,2.84362949534403,2.15838474401996,0.261152105263158,6.59821614633135,0.552223333333333,3.52,3.52941651209083,11.2003220871132,-1.44626915018811,-1.29074474306588,0.0774667319236193,-0.934986275126916,18.8
"Engraulis encrasicolus",0,0,1,66,1,1,"Engraulis encrasicolus","Engraulis","Engraulinae","Engraulidae","Clupeiformes","Teleostei","Osteichthyes",21.6162376995935,0.0800427076735364,2.42480272571829,1.70474809223843,0.618667619047619,3.70337076802402,1.15833333333333,3.12,2.91993940230068,9.50721753966745,-1.24980172923258,-0.423946855720789,-0.465601416633405,-0.92054722559946,10.8
"Epinephelus aeneus",0,1,0,426,1,1,"Epinephelus aeneus","Epinephelus",NA,"Epinephelidae","Perciformes","Teleostei","Osteichthyes",NA,1.79175946922805,NA,2.83321334405622,0.157788571428571,11.1985194254292,0.25353,4.02,4.6815523559069,15.1696099276472,-1.21953266210896,-0.664805947951419,-0.296274935781601,-0.588988460854312,17.1
"Epinephelus marginatus",1,0,0,6470,0,1,"Epinephelus marginatus","Epinephelus",NA,"Epinephelidae","Perciformes","Teleostei","Osteichthyes",NA,1.99061033839589,NA,3.87120101090789,0.07291,10.5873661061487,0.0786666666666667,4.43,NA,15.2080676422303,-1.16240239845805,-0.645796635756577,-0.129919918629584,-0.812980410477333,19
"Etrumeus sadina",0,0,1,1455,0,1,"Etrumeus sadina","Etrumeus",NA,"Dussumieriidae","Clupeiformes","Teleostei","Osteichthyes",NA,0.762362259963565,NA,NA,1.14916666666667,5.35289880032524,0.65,3.56,3.44041809481544,9.32509660927437,-1.48743204452808,-0.737408124357842,-0.442835815073245,-0.85255191421834,20.3
"Eutrigla gurnardus",0,1,0,68,1,1,"Eutrigla gurnardus","Eutrigla","Triglinae","Triglidae","Scorpaeniformes","Teleostei","Osteichthyes",NA,1.15267950993839,3.29583686600433,NA,0.450666666666667,5.91710509590016,0.29,3.87,NA,12.4292161968444,-2.13119562324764,-0.885462186308189,-0.51642278411166,-0.685063594402555,10.1
"Galeus melastomus",0,1,0,807,0,1,"Galeus melastomus","Galeus",NA,"Pentanchidae","Carcharhiniformes","Elasmobranchii","Chondrichthyes",NA,1.25276296849537,NA,1.94591014905531,0.428,NA,0.6,4.17,4.2076732475291,4.02237106259701,NA,NA,NA,NA,10.3
"Gobius niger",0,1,0,72,1,1,"Gobius niger","Gobius","Gobiinae","Gobiidae","Gobiiformes","Teleostei","Osteichthyes",NA,0.980829253011726,2.05412373369555,1.46633706879343,0.416428571428571,3.76359097623758,NA,3.31,2.7684133508293,8.1605182474775,NA,NA,NA,NA,10.8
"Gobius ophiocephalus",0,1,0,13018,1,1,"Gobius ophiocephalus","Gobius","Gobiinae","Gobiidae","Gobiiformes","Teleostei","Osteichthyes",NA,0.916290731874155,NA,NA,0.169,5.30056628583229,NA,3.16,3.31054301339402,9.97580821411575,NA,NA,NA,NA,17.1
"Halobatrachus didactylus",0,1,0,5429,0,1,"Halobatrachus didactylus","Halobatrachus","Halophryninae","Batrachoididae","Batrachoidiformes","Teleostei","Osteichthyes",NA,NA,NA,NA,NA,NA,NA,3.95,NA,NA,-1.66357828163449,-0.443320109325239,-0.668947074729806,-0.1240304607505,19.8
"Lepidorhombus whiffiagonis",0,1,0,28,0,1,"Lepidorhombus whiffiagonis","Lepidorhombus",NA,"Scophthalmidae","Pleuronectiformes","Teleostei","Osteichthyes",NA,0.955511445027436,3.19150462807207,2.50552593699074,0.175353018867925,7.22596920067133,0.29279,4.34,3.9534926392414,12.7174656083289,-1.47699984476962,-0.474934697149988,0.230020430757297,-1.42368544186657,7.7
"Lophius budegassa",0,1,0,5094,0,1,"Lophius budegassa","Lophius",NA,"Lophiidae","Lophiiformes","Teleostei","Osteichthyes",NA,2.2512917986065,NA,2.60268968544438,0.118571428571429,9.15005846436923,NA,4.41,NA,12.0874298653994,-2.21773551567662,-0.175886515901853,-0.955233259639592,0.0339180241864883,11.1
"Lophius piscatorius",0,1,0,716,0,1,"Lophius piscatorius","Lophius",NA,"Lophiidae","Lophiiformes","Teleostei","Osteichthyes",NA,1.50407739677627,4.01638302075239,2.83321334405622,0.131813529411765,10.4944016884132,0.3975,4.45,NA,12.8646482223935,-2.33668459477983,-0.106234508512215,-1.15051560024332,0.221867387290447,7.7
"Merlangius merlangus",1,0,0,29,1,1,"Merlangius merlangus","Merlangius",NA,"Gadidae","Gadiformes","Teleostei","Osteichthyes",NA,0.592537265024176,3.27336401015227,NA,0.34559595959596,7.03914910862059,0.34,4.36,3.82307035143964,12.5820371618237,-1.62521888227821,-0.6565931122405,-0.387212347027618,-0.935513130927605,9.2
"Merluccius merluccius",0,1,0,30,0,1,"Merluccius merluccius","Merluccius",NA,"Merlucciidae","Gadiformes","Teleostei","Osteichthyes",NA,1.23775291472273,3.41279651750551,2.39789527279837,0.166274294871795,9.05886302225567,0.36045,4.42,4.46167351806791,14.1963634210858,-1.88839336607835,-0.389484966156701,-0.6104114952228,-0.702974927230747,10.2
"Micromesistius poutassou",0,0,1,31,0,1,"Micromesistius poutassou","Micromesistius",NA,"Gadidae","Gadiformes","Teleostei","Osteichthyes",NA,0.824723525284633,3.28091121578765,2.56494935746154,0.32,5.93014117900165,0.39,4.13,3.60959383824628,11.2489599191358,-2.56345710846139,-0.60760651343179,-0.536667170580136,-0.871221143615101,7
"Mugil cephalus",1,0,0,785,1,1,"Mugil cephalus","Mugil",NA,"Mugilidae","Mugiliformes","Teleostei","Osteichthyes",14.7680673601251,1.49165487677772,3.44468249360189,2.30258509299405,0.303108695652174,7.8330798168248,0.44,2.48,NA,14.8542336192777,NA,NA,NA,NA,23.2
"Mullus barbatus",0,1,0,790,0,1,"Mullus barbatus","Mullus",NA,"Mullidae","Mulliformes","Teleostei","Osteichthyes",NA,0.457424844020919,2.56494935746154,2.39789527279837,0.348558461538462,5.38824261345126,0.43,3.14,3.2116423186211,10.1809772335905,NA,NA,NA,NA,14.2
"Mullus surmuletus",0,1,0,1327,0,1,"Mullus surmuletus","Mullus",NA,"Mullidae","Mulliformes","Teleostei","Osteichthyes",NA,0.394933654679007,2.82672173081971,2.09323486381217,0.317842105263158,6.17625577397694,0.41,3.45,3.44918298945866,NA,-1.30174273589856,-1.1386224789932,-0.228963707268897,-0.783931978625064,10.2
"Mustelus mustelus",0,1,0,4996,0,1,"Mustelus mustelus","Mustelus","Triakinae","Triakidae","Carcharhiniformes","Elasmobranchii","Chondrichthyes",NA,2.35137525716348,NA,3.17805383034795,0.09,9.89153142555319,NA,4.26,5.16478597392351,2.2512917986065,NA,NA,NA,NA,15.3
"Pagellus acarne",1,0,0,889,0,1,"Pagellus acarne","Pagellus",NA,"Sparidae","Eupercaria/misc","Teleostei","Osteichthyes",NA,0.725937001460206,2.80638610182307,1.94591014905531,0.289541666666667,5.92447891423335,0.5335,3.81,3.33992020322696,12.5246678211904,-1.38344330738056,-1.15737867903539,-0.125877074164252,-0.81378958315181,14.8
"Pagellus erythrinus",1,0,0,893,0,1,"Pagellus erythrinus","Pagellus",NA,"Sparidae","Eupercaria/misc","Teleostei","Osteichthyes",NA,0.762880516103962,2.43798973000025,2.30258509299405,0.194,6.54094429894159,0.34,3.48,NA,11.5207117397707,-1.46964542056509,-1.08964921283382,-0.0653331464874767,-0.89636028244627,17.2
"Pagrus pagrus",1,0,0,1756,0,1,"Pagrus pagrus","Pagrus",NA,"Sparidae","Eupercaria/misc","Teleostei","Osteichthyes",NA,0.659245620662934,NA,2.57768838323897,0.182555769230769,8.14180582722208,0.2433325,3.86,4.10270656187309,12.5010902470801,-1.4339458842632,-1.09467949751723,-0.0228420490215588,-0.940049701070194,24.1
"Phycis phycis",1,0,0,1747,0,1,"Phycis phycis","Phycis",NA,"Phycidae","Gadiformes","Teleostei","Osteichthyes",NA,1.50407739677627,NA,1.6094379124341,0.193333333333333,8.19485460099412,NA,4.25,4.20692892296925,15.5069896874134,-1.82502513653284,-0.923441166436001,-0.355583020226621,-0.763981704209158,14.9
"Platichthys flesus",0,1,0,1341,1,1,"Platichthys flesus","Platichthys","Pleuronectinae","Pleuronectidae","Pleuronectiformes","Teleostei","Osteichthyes",28.8588645698504,1.27163145279975,3.01798288248881,2.60268968544438,0.329114285714286,6.67165938202405,0.2475,3.32,3.75092721139935,13.9841787751118,NA,NA,NA,NA,10.2
"Pleuronectes platessa",0,1,0,1342,1,1,"Pleuronectes platessa","Pleuronectes","Pleuronectinae","Pleuronectidae","Pleuronectiformes","Teleostei","Osteichthyes",26.394974888927,1.21028616432924,3.13113691056019,3.48124008933569,0.147192307692308,7.6205027995424,0.1425,3.17,4.06216566385787,12.0167497131295,-1.25070336856761,-1.2908916148083,0.339964723488301,-1.3575785972319,10.2
"Pomatomus saltatrix",0,0,1,364,1,1,"Pomatomus saltatrix","Pomatomus",NA,"Pomatomidae","Scombriformes","Teleostei","Osteichthyes",NA,0.765467858773426,NA,2.23359222150709,0.164,9.48010607152776,0.395,4.53,4.62399194022868,13.4275213528195,-1.32551570188641,-0.743358475383166,-0.115706475421409,-0.962630456717578,21.1
"Pomatoschistus marmoratus",0,1,0,9191,1,1,"Pomatoschistus marmoratus","Pomatoschistus","Gobionellinae","Gobiidae","Gobiiformes","Teleostei","Osteichthyes",NA,0,NA,NA,NA,NA,NA,3.35,NA,6.64183469831187,NA,NA,NA,NA,15.1
"Pomatoschistus minutus",0,1,0,1345,1,1,"Pomatoschistus minutus","Pomatoschistus","Gobionellinae","Gobiidae","Gobiiformes","Teleostei","Osteichthyes",NA,0,NA,0.693147180559945,1.154,1.11960375150286,3.3,3.22,2.09801792725277,8.16522145574807,-1.5014457178174,-1.00583129022147,-0.625051580249874,-0.539617055904429,9.4
"Rhinobatos rhinobatos",0,1,0,5016,1,1,"Rhinobatos rhinobatos","Rhinobatos",NA,"Rhinobatidae","Rajiformes","Elasmobranchii","Chondrichthyes",NA,NA,4.23410650459726,NA,0.22225,8.87142591029964,NA,4.08,4.93225927034423,2.14006616349627,NA,NA,NA,NA,26.1
"Sarda sarda",0,0,1,115,1,1,"Sarda sarda","Sarda","Scombrinae","Scombridae","Scombriformes","Teleostei","Osteichthyes",NA,0,NA,1.46787434811231,0.529142857142857,8.53760370195317,0.87,4.5,4.23265617801961,11.529949726376,-2.28999643868149,-0.701852831580008,-0.476463169903878,-0.663410795086615,10.7
"Sardina pilchardus",0,0,1,1350,1,1,"Sardina pilchardus","Sardina",NA,"Alosidae","Clupeiformes","Teleostei","Osteichthyes",NA,0.553885118707324,2.64143545202023,2.24374459297111,0.430609705882353,4.16246908997523,0.374616,3.06,3.00626257233186,10.0639184703205,-1.42667800475363,-0.872860349555499,-0.328018843992336,-0.893471029515768,10.3
"Sardinella aurita",0,0,1,1043,1,1,"Sardinella aurita","Sardinella",NA,"Dorosomatidae","Clupeiformes","Teleostei","Osteichthyes",NA,0.0884686490787687,2.82137888640921,1.83258146374831,0.529594594594595,5.4346008889911,0.79,3.4,NA,11.0135140798526,-1.45035487159122,-0.959941950053568,-0.234862338103657,-0.950785522815908,18.8
"Saurida undosquamis",1,0,0,1055,0,1,"Saurida undosquamis","Saurida","Harpadontinae","Synodontidae","Aulopiformes","Teleostei","Osteichthyes",NA,0.371563548211153,3.13549421592915,1.92181259747625,0.681925531914894,6.44879543133484,0.721666666666667,4.46,NA,11.3480744064075,-1.43004717158159,-0.513037391416861,-0.711861552302734,-0.581073400227581,26
"Sciaena umbra",0,1,0,1707,1,1,"Sciaena umbra","Sciaena",NA,"Sciaenidae","Eupercaria/misc","Teleostei","Osteichthyes",NA,1.09861228866811,3.2188758248682,3.20274644293832,0.16883125,7.48910010879361,0.21387,3.75,3.90308316385867,NA,NA,NA,NA,NA,15.3
"Scomber japonicus",0,0,1,117,0,1,"Scomber japonicus","Scomber","Scombrinae","Scombridae","Scombriformes","Teleostei","Osteichthyes",NA,0.810930216216329,NA,2.00533356952611,0.307159032258065,7.21902541875482,0.55,3.38,NA,13.1995639731783,-2.37351831346979,-0.774865076994026,-0.38062146493596,-0.757895651440191,20.7
"Scomber scombrus",0,0,1,118,1,1,"Scomber scombrus","Scomber","Scombrinae","Scombridae","Scombriformes","Teleostei","Osteichthyes",NA,0.777028656319317,3.30688670219091,2.74959920401508,0.330206451612903,6.39517673641797,0.202666,3.63,3.74392129427385,13.1730547426689,-2.33168260639133,-0.880763816225228,-0.425768465884299,-0.75666441719931,10.2
"Scophthalmus maximus",0,1,0,1348,1,1,"Scophthalmus maximus","Scophthalmus",NA,"Scophthalmidae","Pleuronectiformes","Teleostei","Osteichthyes",NA,1.38629436111989,3.15487049489229,3.00237681627266,0.2754653125,8.22802115307191,0.16667,4.36,4.10434439680043,16.1180956509583,NA,NA,NA,NA,9.4
"Scorpaena notata",0,1,0,1760,0,1,"Scorpaena notata","Scorpaena","Scorpaeninae","Scorpaenidae","Scorpaeniformes","Teleostei","Osteichthyes",NA,NA,NA,2.19722457733622,0.3441875,4.38200817617019,0.5625,3.7,2.91526760186616,9.86933596960524,-1.45945653208407,-0.922241058034223,-0.190732569548911,-0.584308059011059,14.6
"Scyliorhinus canicula",0,1,0,845,0,1,"Scyliorhinus canicula","Scyliorhinus","Scyliorhininae","Scyliorhinidae","Carcharhiniformes","Elasmobranchii","Chondrichthyes",23.8149860172111,1.50407739677627,3.87466721888438,2.4567357728213,0.241278333333333,7.10285635994231,0.41,3.82,4.24706564923976,4.04480411666196,NA,NA,NA,NA,10.1
"Seriola dumerili",1,0,0,1005,0,1,"Seriola dumerili","Seriola","Naucratinae","Carangidae","Carangiformes","Teleostei","Osteichthyes",NA,1.10415246377481,NA,2.68102152871429,0.225447272727273,11.0095288443653,0.28,4.5,NA,17.4700961420764,-2.11386537228276,-0.831570601181359,-0.220121664605919,-0.851161250946363,27.1
"Serranus atricauda",0,1,0,14418,0,1,"Serranus atricauda","Serranus",NA,"Serranidae","Perciformes","Teleostei","Osteichthyes",NA,NA,NA,2.77258872223978,0.148625,7.24469258601277,0.2625,4.27,3.85925493988949,NA,-1.22033792332535,-0.657555797269471,-0.227856911270339,-0.682893556077701,18.4
"Solea solea",0,1,0,525,1,1,"Solea solea","Solea",NA,"Soleidae","Pleuronectiformes","Teleostei","Osteichthyes",NA,1.01884732560947,2.90690105984738,2.99239337228848,0.331878387096774,6.26937060115877,0.336363333333333,3.21,3.64393874627127,12.2840303408386,-1.32427521808781,-1.43010259918188,0.227539131870154,-1.43615205811204,11.4
"Sparus aurata",0,1,0,1164,1,1,"Sparus aurata","Sparus",NA,"Sparidae","Eupercaria/misc","Teleostei","Osteichthyes",NA,0.693147180559945,3.48431228837266,2.39789527279837,0.297583333333333,8.1728050178745,0.4325,3.7,4.05854465809091,NA,-1.45522422162929,-1.06726611488261,0.0156773117327879,-0.961231882335479,17.8
"Sphyraena sphyraena",0,0,1,1765,0,1,"Sphyraena sphyraena","Sphyraena",NA,"Sphyraenidae","Carangaria/misc","Teleostei","Osteichthyes",NA,NA,NA,NA,0.123,6.40407074681944,NA,4.04,4.01277290852829,11.2267822079345,-1.24382647664577,-0.0851827841362675,-0.623636900362145,-0.829381328264279,18.3
"Sphyraena viridensis",0,0,1,10202,0,1,"Sphyraena viridensis","Sphyraena",NA,"Sphyraenidae","Carangaria/misc","Teleostei","Osteichthyes",NA,NA,NA,NA,0.089,8.13999475985251,NA,4.31,4.61115225766564,NA,-1.51437539118671,-0.240277213096636,-0.604773674019547,-0.870231827992427,18.83
"Spicara maena",0,0,1,4887,0,1,"Spicara maena","Spicara",NA,"Sparidae","Eupercaria/misc","Teleostei","Osteichthyes",NA,0.693147180559945,2.44321622273379,1.70474809223843,0.327240909090909,4.76596802915499,NA,4.15,3.01486065398899,NA,-1.39424101016257,-1.05787208120881,-0.140359160474723,-0.899389430915557,14.5
"Spicara smaris",0,0,1,1766,0,1,"Spicara smaris","Spicara",NA,"Sparidae","Eupercaria/misc","Teleostei","Osteichthyes",NA,NA,2.19722457733622,1.79175946922805,0.601485714285714,4.54335645450037,0.77,3,3.00880817482375,NA,-1.33563794095759,-1.1076788526794,-0.20420113126578,-0.884761922306221,14.4
"Spondyliosoma cantharus",1,0,0,1356,0,1,"Spondyliosoma cantharus","Spondyliosoma",NA,"Sparidae","Eupercaria/misc","Teleostei","Osteichthyes",NA,0.998528830111127,3.04452243772342,2.28577797467766,0.249859,7.07581489946313,NA,3.34,3.66881846011062,11.9361715503735,-1.31453337521088,-1.35405793148922,0.0522480755960125,-0.953274360987358,10.2
"Sprattus sprattus",0,0,1,1357,1,1,"Sprattus sprattus","Sprattus",NA,"Clupeidae","Clupeiformes","Teleostei","Osteichthyes",NA,0.687576140838279,2.38998528327488,1.90954250488444,0.54137037037037,3.5764399134007,0.746666666666667,3.01,2.6819017674136,10.1183521275058,-1.21144542284471,-0.905776310788921,-0.186025944559628,-1.01930476413585,9.5
"Stephanolepis diaspros",0,1,0,14343,0,1,"Stephanolepis diaspros","Stephanolepis",NA,"Monacanthidae","Tetraodontiformes","Teleostei","Osteichthyes",NA,NA,NA,NA,NA,NA,NA,2.83999991416931,NA,NA,NA,NA,NA,NA,26.1
"Thunnus alalunga",0,0,1,142,0,1,"Thunnus alalunga","Thunnus","Scombrinae","Scombridae","Scombriformes","Teleostei","Osteichthyes",NA,1.6094379124341,NA,2.56494935746154,0.19909,10.8486227951154,0.2125,4.3,NA,13.8831692064381,NA,NA,NA,NA,15.1
"Thunnus thynnus",0,0,1,147,1,1,"Thunnus thynnus","Thunnus","Scombrinae","Scombridae","Scombriformes","Teleostei","Osteichthyes",NA,1.32175583998232,NA,3.2470467018349,0.115001034482759,13.5614970793614,0.2032,4.45,NA,17.0954438521334,-2.66506854426244,-0.953759314206516,-0.226213527879068,-0.700123805695178,12.6
"Trachurus mediterraneus",0,0,1,1278,1,1,"Trachurus mediterraneus","Trachurus","Caranginae","Carangidae","Carangiformes","Teleostei","Osteichthyes",NA,0.336472219591314,NA,2.484906649788,0.327606363636364,5.91889102362398,0.45,3.77,3.6609942506244,NA,-2.2227183266494,-0.781231342777607,-0.301543759805651,-0.822513689149322,17.4
"Trachurus picturatus",1,0,0,1279,0,1,"Trachurus picturatus","Trachurus","Caranginae","Carangidae","Carangiformes","Teleostei","Osteichthyes",NA,1.24487478603409,NA,2.89037175789616,0.184703333333333,6.32043988729906,0.23333,3.32,3.6974497667017,11.9484541022928,-2.27533003998915,-0.831564985339232,-0.381971777270946,-0.786700252551725,13.1
"Trachurus trachurus",0,0,1,1365,0,1,"Trachurus trachurus","Trachurus","Caranginae","Carangidae","Carangiformes","Teleostei","Osteichthyes",NA,1.0312414744617,2.88851818924684,NA,0.221666666666667,6.4132069878119,0.39,3.71,3.68971244041783,12.4370105836415,-2.31872359487636,-0.811493916934983,-0.350855524236482,-0.782808172974022,13.3
"Trachyrincus scabrus",0,1,0,4556,0,1,"Trachyrincus scabrus","Trachyrincus",NA,"Trachyrincidae","Gadiformes","Teleostei","Osteichthyes",NA,NA,NA,2.30258509299405,0.213942857142857,5.91561546651452,0.42,3.64,3.74741365723276,NA,NA,NA,NA,NA,10.4
"Trigla lyra",0,1,0,5038,0,1,"Trigla lyra","Trigla","Triglinae","Triglidae","Scorpaeniformes","Teleostei","Osteichthyes",NA,NA,NA,1.94591014905531,0.162333333333333,7.70011054324487,0.55,3.65,NA,NA,-2.17223618883297,-0.873206404884793,-0.456103574562452,-0.531997854379715,13.1
"Trisopterus luscus",1,0,0,1367,1,1,"Trisopterus luscus","Trisopterus",NA,"Gadidae","Gadiformes","Teleostei","Osteichthyes",NA,0.405465108108164,2.94443897916644,1.50407739677627,0.40024,6.96318998587024,0.86,3.73,3.74596842109806,13.1649208251541,-1.74676846548329,-1.09250559372822,-0.192059657415267,-0.853830020723465,9.6
"Trisopterus minutus",1,0,0,481,0,1,"Trisopterus minutus","Trisopterus",NA,"Gadidae","Gadiformes","Teleostei","Osteichthyes",NA,0.356674943938732,2.6620062626008,1.67397643357167,0.402678235294118,5.15173989798292,0.885,3.73,3.25351138160605,9.33692896907576,-1.79173352954589,-0.999660548849594,-0.199515697146237,-0.953158830984801,10
"Upeneus moluccensis",1,0,0,4444,1,1,"Upeneus moluccensis","Upeneus",NA,"Mullidae","Mulliformes","Teleostei","Osteichthyes",NA,0,NA,1.67397643357167,0.546470588235294,5.47959547437651,0.87,3.63,NA,10.9743060359942,-1.25047712278688,-1.00655025770232,-0.27695652946972,-0.8077812316459,27.2
"Xiphias gladius",0,0,1,226,0,1,"Xiphias gladius","Xiphias",NA,"Xiphiidae","Carangiformes","Teleostei","Osteichthyes",NA,1.70474809223843,NA,2.74727091425549,0.1605,12.6052544767011,0.2,4.53,NA,15.8079407226545,-1.91458735384141,-0.319719606696981,-0.484665479771044,-1.05937336266387,22.7
